id,year,targetName,populationStatus,priority,sourceCount,deckCount,primarySearchQuery,googleSearch,yugiohTopDecksSearch,konamiCoverageSearch,formatLibrarySearch,ygoprodeckSearch
2005-burn,2005,Burn,missing-source-and-deck,1,0,0,2005 Burn yugioh decklist,https://www.google.com/search?q=2005%20Burn%20yugioh%20decklist,https://www.google.com/search?q=2005%20Burn%20site%3Ayugiohtopdecks.org,https://www.google.com/search?q=2005%20Burn%20site%3Ayugiohblog.konami.com,https://www.google.com/search?q=2005%20Burn%20site%3Aformatlibrary.com,https://ygoprodeck.com/?s=2005%20Burn
2005-chaos-turbo,2005,Chaos Turbo,missing-source-and-deck,1,0,0,2005 Chaos Turbo yugioh decklist,https://www.google.com/search?q=2005%20Chaos%20Turbo%20yugioh%20decklist,https://www.google.com/search?q=2005%20Chaos%20Turbo%20site%3Ayugiohtopdecks.org,https://www.google.com/search?q=2005%20Chaos%20Turbo%20site%3Ayugiohblog.konami.com,https://www.google.com/search?q=2005%20Chaos%20Turbo%20site%3Aformatlibrary.com,https://ygoprodeck.com/?s=2005%20Chaos%20Turbo
2005-reasoning-gate,2005,Reasoning Gate,missing-source-and-deck,1,0,0,2005 Reasoning Gate yugioh decklist,https://www.google.com/search?q=2005%20Reasoning%20Gate%20yugioh%20decklist,https://www.google.com/search?q=2005%20Reasoning%20Gate%20site%3Ayugiohtopdecks.org,https://www.google.com/search?q=2005%20Reasoning%20Gate%20site%3Ayugiohblog.konami.com,https://www.google.com/search?q=2005%20Reasoning%20Gate%20site%3Aformatlibrary.com,https://ygoprodeck.com/?s=2005%20Reasoning%20Gate
2005-warrior-toolbox,2005,Warrior Toolbox,missing-source-and-deck,1,0,0,2005 Warrior Toolbox yugioh decklist,https://www.google.com/search?q=2005%20Warrior%20Toolbox%20yugioh%20decklist,https://www.google.com/search?q=2005%20Warrior%20Toolbox%20site%3Ayugiohtopdecks.org,https://www.google.com/search?q=2005%20Warrior%20Toolbox%20site%3Ayugiohblog.konami.com,https://www.google.com/search?q=2005%20Warrior%20Toolbox%20site%3Aformatlibrary.com,https://ygoprodeck.com/?s=2005%20Warrior%20Toolbox
2006-bazoo-return,2006,Bazoo Return,missing-source-and-deck,1,0,0,2006 Bazoo Return yugioh decklist,https://www.google.com/search?q=2006%20Bazoo%20Return%20yugioh%20decklist,https://www.google.com/search?q=2006%20Bazoo%20Return%20site%3Ayugiohtopdecks.org,https://www.google.com/search?q=2006%20Bazoo%20Return%20site%3Ayugiohblog.konami.com,https://www.google.com/search?q=2006%20Bazoo%20Return%20site%3Aformatlibrary.com,https://ygoprodeck.com/?s=2006%20Bazoo%20Return
2006-chaos-return,2006,Chaos Return,missing-source-and-deck,1,0,0,2006 Chaos Return yugioh decklist,https://www.google.com/search?q=2006%20Chaos%20Return%20yugioh%20decklist,https://www.google.com/search?q=2006%20Chaos%20Return%20site%3Ayugiohtopdecks.org,https://www.google.com/search?q=2006%20Chaos%20Return%20site%3Ayugiohblog.konami.com,https://www.google.com/search?q=2006%20Chaos%20Return%20site%3Aformatlibrary.com,https://ygoprodeck.com/?s=2006%20Chaos%20Return
2006-gadget,2006,Gadget,missing-source-and-deck,1,0,0,2006 Gadget yugioh decklist,https://www.google.com/search?q=2006%20Gadget%20yugioh%20decklist,https://www.google.com/search?q=2006%20Gadget%20site%3Ayugiohtopdecks.org,https://www.google.com/search?q=2006%20Gadget%20site%3Ayugiohblog.konami.com,https://www.google.com/search?q=2006%20Gadget%20site%3Aformatlibrary.com,https://ygoprodeck.com/?s=2006%20Gadget
2006-monarch,2006,Monarch,missing-source-and-deck,1,0,0,2006 Monarch yugioh decklist,https://www.google.com/search?q=2006%20Monarch%20yugioh%20decklist,https://www.google.com/search?q=2006%20Monarch%20site%3Ayugiohtopdecks.org,https://www.google.com/search?q=2006%20Monarch%20site%3Ayugiohblog.konami.com,https://www.google.com/search?q=2006%20Monarch%20site%3Aformatlibrary.com,https://ygoprodeck.com/?s=2006%20Monarch
2006-recruiter-chaos,2006,Recruiter Chaos,missing-source-and-deck,1,0,0,2006 Recruiter Chaos yugioh decklist,https://www.google.com/search?q=2006%20Recruiter%20Chaos%20yugioh%20decklist,https://www.google.com/search?q=2006%20Recruiter%20Chaos%20site%3Ayugiohtopdecks.org,https://www.google.com/search?q=2006%20Recruiter%20Chaos%20site%3Ayugiohblog.konami.com,https://www.google.com/search?q=2006%20Recruiter%20Chaos%20site%3Aformatlibrary.com,https://ygoprodeck.com/?s=2006%20Recruiter%20Chaos
2007-crystal-beast,2007,Crystal Beast,missing-source-and-deck,1,0,0,2007 Crystal Beast yugioh decklist,https://www.google.com/search?q=2007%20Crystal%20Beast%20yugioh%20decklist,https://www.google.com/search?q=2007%20Crystal%20Beast%20site%3Ayugiohtopdecks.org,https://www.google.com/search?q=2007%20Crystal%20Beast%20site%3Ayugiohblog.konami.com,https://www.google.com/search?q=2007%20Crystal%20Beast%20site%3Aformatlibrary.com,https://ygoprodeck.com/?s=2007%20Crystal%20Beast
2007-demise-otk,2007,Demise OTK,missing-source-and-deck,1,0,0,2007 Demise OTK yugioh decklist,https://www.google.com/search?q=2007%20Demise%20OTK%20yugioh%20decklist,https://www.google.com/search?q=2007%20Demise%20OTK%20site%3Ayugiohtopdecks.org,https://www.google.com/search?q=2007%20Demise%20OTK%20site%3Ayugiohblog.konami.com,https://www.google.com/search?q=2007%20Demise%20OTK%20site%3Aformatlibrary.com,https://ygoprodeck.com/?s=2007%20Demise%20OTK
2007-gadget,2007,Gadget,missing-source-and-deck,1,0,0,2007 Gadget yugioh decklist,https://www.google.com/search?q=2007%20Gadget%20yugioh%20decklist,https://www.google.com/search?q=2007%20Gadget%20site%3Ayugiohtopdecks.org,https://www.google.com/search?q=2007%20Gadget%20site%3Ayugiohblog.konami.com,https://www.google.com/search?q=2007%20Gadget%20site%3Aformatlibrary.com,https://ygoprodeck.com/?s=2007%20Gadget
2007-zombie,2007,Zombie,missing-source-and-deck,1,0,0,2007 Zombie yugioh decklist,https://www.google.com/search?q=2007%20Zombie%20yugioh%20decklist,https://www.google.com/search?q=2007%20Zombie%20site%3Ayugiohtopdecks.org,https://www.google.com/search?q=2007%20Zombie%20site%3Ayugiohblog.konami.com,https://www.google.com/search?q=2007%20Zombie%20site%3Aformatlibrary.com,https://ygoprodeck.com/?s=2007%20Zombie
2008-dark-armed-return,2008,Dark Armed Return,missing-source-and-deck,1,0,0,2008 Dark Armed Return yugioh decklist,https://www.google.com/search?q=2008%20Dark%20Armed%20Return%20yugioh%20decklist,https://www.google.com/search?q=2008%20Dark%20Armed%20Return%20site%3Ayugiohtopdecks.org,https://www.google.com/search?q=2008%20Dark%20Armed%20Return%20site%3Ayugiohblog.konami.com,https://www.google.com/search?q=2008%20Dark%20Armed%20Return%20site%3Aformatlibrary.com,https://ygoprodeck.com/?s=2008%20Dark%20Armed%20Return
2008-gladiator-beast,2008,Gladiator Beast,missing-source-and-deck,1,0,0,2008 Gladiator Beast yugioh decklist,https://www.google.com/search?q=2008%20Gladiator%20Beast%20yugioh%20decklist,https://www.google.com/search?q=2008%20Gladiator%20Beast%20site%3Ayugiohtopdecks.org,https://www.google.com/search?q=2008%20Gladiator%20Beast%20site%3Ayugiohblog.konami.com,https://www.google.com/search?q=2008%20Gladiator%20Beast%20site%3Aformatlibrary.com,https://ygoprodeck.com/?s=2008%20Gladiator%20Beast
2008-lightsworn,2008,Lightsworn,missing-source-and-deck,1,0,0,2008 Lightsworn yugioh decklist,https://www.google.com/search?q=2008%20Lightsworn%20yugioh%20decklist,https://www.google.com/search?q=2008%20Lightsworn%20site%3Ayugiohtopdecks.org,https://www.google.com/search?q=2008%20Lightsworn%20site%3Ayugiohblog.konami.com,https://www.google.com/search?q=2008%20Lightsworn%20site%3Aformatlibrary.com,https://ygoprodeck.com/?s=2008%20Lightsworn
2008-zombie-synchro,2008,Zombie Synchro,missing-source-and-deck,1,0,0,2008 Zombie Synchro yugioh decklist,https://www.google.com/search?q=2008%20Zombie%20Synchro%20yugioh%20decklist,https://www.google.com/search?q=2008%20Zombie%20Synchro%20site%3Ayugiohtopdecks.org,https://www.google.com/search?q=2008%20Zombie%20Synchro%20site%3Ayugiohblog.konami.com,https://www.google.com/search?q=2008%20Zombie%20Synchro%20site%3Aformatlibrary.com,https://ygoprodeck.com/?s=2008%20Zombie%20Synchro
2009-cat-synchro,2009,Cat Synchro,missing-source-and-deck,1,0,0,2009 Cat Synchro yugioh decklist,https://www.google.com/search?q=2009%20Cat%20Synchro%20yugioh%20decklist,https://www.google.com/search?q=2009%20Cat%20Synchro%20site%3Ayugiohtopdecks.org,https://www.google.com/search?q=2009%20Cat%20Synchro%20site%3Ayugiohblog.konami.com,https://www.google.com/search?q=2009%20Cat%20Synchro%20site%3Aformatlibrary.com,https://ygoprodeck.com/?s=2009%20Cat%20Synchro
2009-gladiator-beast,2009,Gladiator Beast,missing-source-and-deck,1,0,0,2009 Gladiator Beast yugioh decklist,https://www.google.com/search?q=2009%20Gladiator%20Beast%20yugioh%20decklist,https://www.google.com/search?q=2009%20Gladiator%20Beast%20site%3Ayugiohtopdecks.org,https://www.google.com/search?q=2009%20Gladiator%20Beast%20site%3Ayugiohblog.konami.com,https://www.google.com/search?q=2009%20Gladiator%20Beast%20site%3Aformatlibrary.com,https://ygoprodeck.com/?s=2009%20Gladiator%20Beast
2009-lightsworn,2009,Lightsworn,missing-source-and-deck,1,0,0,2009 Lightsworn yugioh decklist,https://www.google.com/search?q=2009%20Lightsworn%20yugioh%20decklist,https://www.google.com/search?q=2009%20Lightsworn%20site%3Ayugiohtopdecks.org,https://www.google.com/search?q=2009%20Lightsworn%20site%3Ayugiohblog.konami.com,https://www.google.com/search?q=2009%20Lightsworn%20site%3Aformatlibrary.com,https://ygoprodeck.com/?s=2009%20Lightsworn
2009-twilight,2009,Twilight,missing-source-and-deck,1,0,0,2009 Twilight yugioh decklist,https://www.google.com/search?q=2009%20Twilight%20yugioh%20decklist,https://www.google.com/search?q=2009%20Twilight%20site%3Ayugiohtopdecks.org,https://www.google.com/search?q=2009%20Twilight%20site%3Ayugiohblog.konami.com,https://www.google.com/search?q=2009%20Twilight%20site%3Aformatlibrary.com,https://ygoprodeck.com/?s=2009%20Twilight
2010-blackwing,2010,Blackwing,missing-source-and-deck,1,0,0,2010 Blackwing yugioh decklist,https://www.google.com/search?q=2010%20Blackwing%20yugioh%20decklist,https://www.google.com/search?q=2010%20Blackwing%20site%3Ayugiohtopdecks.org,https://www.google.com/search?q=2010%20Blackwing%20site%3Ayugiohblog.konami.com,https://www.google.com/search?q=2010%20Blackwing%20site%3Aformatlibrary.com,https://ygoprodeck.com/?s=2010%20Blackwing
2010-frog-monarch,2010,Frog Monarch,missing-source-and-deck,1,0,0,2010 Frog Monarch yugioh decklist,https://www.google.com/search?q=2010%20Frog%20Monarch%20yugioh%20decklist,https://www.google.com/search?q=2010%20Frog%20Monarch%20site%3Ayugiohtopdecks.org,https://www.google.com/search?q=2010%20Frog%20Monarch%20site%3Ayugiohblog.konami.com,https://www.google.com/search?q=2010%20Frog%20Monarch%20site%3Aformatlibrary.com,https://ygoprodeck.com/?s=2010%20Frog%20Monarch
2010-infernity,2010,Infernity,missing-source-and-deck,1,0,0,2010 Infernity yugioh decklist,https://www.google.com/search?q=2010%20Infernity%20yugioh%20decklist,https://www.google.com/search?q=2010%20Infernity%20site%3Ayugiohtopdecks.org,https://www.google.com/search?q=2010%20Infernity%20site%3Ayugiohblog.konami.com,https://www.google.com/search?q=2010%20Infernity%20site%3Aformatlibrary.com,https://ygoprodeck.com/?s=2010%20Infernity
2010-quickdraw-dandywarrior,2010,Quickdraw Dandywarrior,missing-source-and-deck,1,0,0,2010 Quickdraw Dandywarrior yugioh decklist,https://www.google.com/search?q=2010%20Quickdraw%20Dandywarrior%20yugioh%20decklist,https://www.google.com/search?q=2010%20Quickdraw%20Dandywarrior%20site%3Ayugiohtopdecks.org,https://www.google.com/search?q=2010%20Quickdraw%20Dandywarrior%20site%3Ayugiohblog.konami.com,https://www.google.com/search?q=2010%20Quickdraw%20Dandywarrior%20site%3Aformatlibrary.com,https://ygoprodeck.com/?s=2010%20Quickdraw%20Dandywarrior
2011-agents,2011,Agents,missing-source-and-deck,1,0,0,2011 Agents yugioh decklist,https://www.google.com/search?q=2011%20Agents%20yugioh%20decklist,https://www.google.com/search?q=2011%20Agents%20site%3Ayugiohtopdecks.org,https://www.google.com/search?q=2011%20Agents%20site%3Ayugiohblog.konami.com,https://www.google.com/search?q=2011%20Agents%20site%3Aformatlibrary.com,https://ygoprodeck.com/?s=2011%20Agents
2011-gravekeeper,2011,Gravekeeper,missing-source-and-deck,1,0,0,2011 Gravekeeper yugioh decklist,https://www.google.com/search?q=2011%20Gravekeeper%20yugioh%20decklist,https://www.google.com/search?q=2011%20Gravekeeper%20site%3Ayugiohtopdecks.org,https://www.google.com/search?q=2011%20Gravekeeper%20site%3Ayugiohblog.konami.com,https://www.google.com/search?q=2011%20Gravekeeper%20site%3Aformatlibrary.com,https://ygoprodeck.com/?s=2011%20Gravekeeper
2011-plant-synchro,2011,Plant Synchro,missing-source-and-deck,1,0,0,2011 Plant Synchro yugioh decklist,https://www.google.com/search?q=2011%20Plant%20Synchro%20yugioh%20decklist,https://www.google.com/search?q=2011%20Plant%20Synchro%20site%3Ayugiohtopdecks.org,https://www.google.com/search?q=2011%20Plant%20Synchro%20site%3Ayugiohblog.konami.com,https://www.google.com/search?q=2011%20Plant%20Synchro%20site%3Aformatlibrary.com,https://ygoprodeck.com/?s=2011%20Plant%20Synchro
2011-six-samurai,2011,Six Samurai,missing-source-and-deck,1,0,0,2011 Six Samurai yugioh decklist,https://www.google.com/search?q=2011%20Six%20Samurai%20yugioh%20decklist,https://www.google.com/search?q=2011%20Six%20Samurai%20site%3Ayugiohtopdecks.org,https://www.google.com/search?q=2011%20Six%20Samurai%20site%3Ayugiohblog.konami.com,https://www.google.com/search?q=2011%20Six%20Samurai%20site%3Aformatlibrary.com,https://ygoprodeck.com/?s=2011%20Six%20Samurai
2011-tengu-plant,2011,Tengu Plant,missing-source-and-deck,1,0,0,2011 Tengu Plant yugioh decklist,https://www.google.com/search?q=2011%20Tengu%20Plant%20yugioh%20decklist,https://www.google.com/search?q=2011%20Tengu%20Plant%20site%3Ayugiohtopdecks.org,https://www.google.com/search?q=2011%20Tengu%20Plant%20site%3Ayugiohblog.konami.com,https://www.google.com/search?q=2011%20Tengu%20Plant%20site%3Aformatlibrary.com,https://ygoprodeck.com/?s=2011%20Tengu%20Plant
2012-chaos-dragon,2012,Chaos Dragon,missing-source-and-deck,1,0,0,2012 Chaos Dragon yugioh decklist,https://www.google.com/search?q=2012%20Chaos%20Dragon%20yugioh%20decklist,https://www.google.com/search?q=2012%20Chaos%20Dragon%20site%3Ayugiohtopdecks.org,https://www.google.com/search?q=2012%20Chaos%20Dragon%20site%3Ayugiohblog.konami.com,https://www.google.com/search?q=2012%20Chaos%20Dragon%20site%3Aformatlibrary.com,https://ygoprodeck.com/?s=2012%20Chaos%20Dragon
2012-dino-rabbit,2012,Dino Rabbit,missing-source-and-deck,1,0,0,2012 Dino Rabbit yugioh decklist,https://www.google.com/search?q=2012%20Dino%20Rabbit%20yugioh%20decklist,https://www.google.com/search?q=2012%20Dino%20Rabbit%20site%3Ayugiohtopdecks.org,https://www.google.com/search?q=2012%20Dino%20Rabbit%20site%3Ayugiohblog.konami.com,https://www.google.com/search?q=2012%20Dino%20Rabbit%20site%3Aformatlibrary.com,https://ygoprodeck.com/?s=2012%20Dino%20Rabbit
2012-hero-beat,2012,Hero Beat,missing-source-and-deck,1,0,0,2012 Hero Beat yugioh decklist,https://www.google.com/search?q=2012%20Hero%20Beat%20yugioh%20decklist,https://www.google.com/search?q=2012%20Hero%20Beat%20site%3Ayugiohtopdecks.org,https://www.google.com/search?q=2012%20Hero%20Beat%20site%3Ayugiohblog.konami.com,https://www.google.com/search?q=2012%20Hero%20Beat%20site%3Aformatlibrary.com,https://ygoprodeck.com/?s=2012%20Hero%20Beat
2012-inzektor,2012,Inzektor,missing-source-and-deck,1,0,0,2012 Inzektor yugioh decklist,https://www.google.com/search?q=2012%20Inzektor%20yugioh%20decklist,https://www.google.com/search?q=2012%20Inzektor%20site%3Ayugiohtopdecks.org,https://www.google.com/search?q=2012%20Inzektor%20site%3Ayugiohblog.konami.com,https://www.google.com/search?q=2012%20Inzektor%20site%3Aformatlibrary.com,https://ygoprodeck.com/?s=2012%20Inzektor
2012-wind-up,2012,Wind-Up,missing-source-and-deck,1,0,0,2012 Wind-Up yugioh decklist,https://www.google.com/search?q=2012%20Wind-Up%20yugioh%20decklist,https://www.google.com/search?q=2012%20Wind-Up%20site%3Ayugiohtopdecks.org,https://www.google.com/search?q=2012%20Wind-Up%20site%3Ayugiohblog.konami.com,https://www.google.com/search?q=2012%20Wind-Up%20site%3Aformatlibrary.com,https://ygoprodeck.com/?s=2012%20Wind-Up
2013-evilswarm,2013,Evilswarm,missing-source-and-deck,1,0,0,2013 Evilswarm yugioh decklist,https://www.google.com/search?q=2013%20Evilswarm%20yugioh%20decklist,https://www.google.com/search?q=2013%20Evilswarm%20site%3Ayugiohtopdecks.org,https://www.google.com/search?q=2013%20Evilswarm%20site%3Ayugiohblog.konami.com,https://www.google.com/search?q=2013%20Evilswarm%20site%3Aformatlibrary.com,https://ygoprodeck.com/?s=2013%20Evilswarm
2013-fire-fist,2013,Fire Fist,missing-source-and-deck,1,0,0,2013 Fire Fist yugioh decklist,https://www.google.com/search?q=2013%20Fire%20Fist%20yugioh%20decklist,https://www.google.com/search?q=2013%20Fire%20Fist%20site%3Ayugiohtopdecks.org,https://www.google.com/search?q=2013%20Fire%20Fist%20site%3Ayugiohblog.konami.com,https://www.google.com/search?q=2013%20Fire%20Fist%20site%3Aformatlibrary.com,https://ygoprodeck.com/?s=2013%20Fire%20Fist
2013-mermail,2013,Mermail,missing-source-and-deck,1,0,0,2013 Mermail yugioh decklist,https://www.google.com/search?q=2013%20Mermail%20yugioh%20decklist,https://www.google.com/search?q=2013%20Mermail%20site%3Ayugiohtopdecks.org,https://www.google.com/search?q=2013%20Mermail%20site%3Ayugiohblog.konami.com,https://www.google.com/search?q=2013%20Mermail%20site%3Aformatlibrary.com,https://ygoprodeck.com/?s=2013%20Mermail
2013-spellbook,2013,Spellbook,missing-source-and-deck,1,0,0,2013 Spellbook yugioh decklist,https://www.google.com/search?q=2013%20Spellbook%20yugioh%20decklist,https://www.google.com/search?q=2013%20Spellbook%20site%3Ayugiohtopdecks.org,https://www.google.com/search?q=2013%20Spellbook%20site%3Ayugiohblog.konami.com,https://www.google.com/search?q=2013%20Spellbook%20site%3Aformatlibrary.com,https://ygoprodeck.com/?s=2013%20Spellbook
2014-bujin,2014,Bujin,missing-source-and-deck,1,0,0,2014 Bujin yugioh decklist,https://www.google.com/search?q=2014%20Bujin%20yugioh%20decklist,https://www.google.com/search?q=2014%20Bujin%20site%3Ayugiohtopdecks.org,https://www.google.com/search?q=2014%20Bujin%20site%3Ayugiohblog.konami.com,https://www.google.com/search?q=2014%20Bujin%20site%3Aformatlibrary.com,https://ygoprodeck.com/?s=2014%20Bujin
2014-fire-fist,2014,Fire Fist,missing-source-and-deck,1,0,0,2014 Fire Fist yugioh decklist,https://www.google.com/search?q=2014%20Fire%20Fist%20yugioh%20decklist,https://www.google.com/search?q=2014%20Fire%20Fist%20site%3Ayugiohtopdecks.org,https://www.google.com/search?q=2014%20Fire%20Fist%20site%3Ayugiohblog.konami.com,https://www.google.com/search?q=2014%20Fire%20Fist%20site%3Aformatlibrary.com,https://ygoprodeck.com/?s=2014%20Fire%20Fist
2014-geargia,2014,Geargia,missing-source-and-deck,1,0,0,2014 Geargia yugioh decklist,https://www.google.com/search?q=2014%20Geargia%20yugioh%20decklist,https://www.google.com/search?q=2014%20Geargia%20site%3Ayugiohtopdecks.org,https://www.google.com/search?q=2014%20Geargia%20site%3Ayugiohblog.konami.com,https://www.google.com/search?q=2014%20Geargia%20site%3Aformatlibrary.com,https://ygoprodeck.com/?s=2014%20Geargia
2014-hat,2014,HAT,missing-source-and-deck,1,0,0,2014 HAT yugioh decklist,https://www.google.com/search?q=2014%20HAT%20yugioh%20decklist,https://www.google.com/search?q=2014%20HAT%20site%3Ayugiohtopdecks.org,https://www.google.com/search?q=2014%20HAT%20site%3Ayugiohblog.konami.com,https://www.google.com/search?q=2014%20HAT%20site%3Aformatlibrary.com,https://ygoprodeck.com/?s=2014%20HAT
2014-mermail,2014,Mermail,missing-source-and-deck,1,0,0,2014 Mermail yugioh decklist,https://www.google.com/search?q=2014%20Mermail%20yugioh%20decklist,https://www.google.com/search?q=2014%20Mermail%20site%3Ayugiohtopdecks.org,https://www.google.com/search?q=2014%20Mermail%20site%3Ayugiohblog.konami.com,https://www.google.com/search?q=2014%20Mermail%20site%3Aformatlibrary.com,https://ygoprodeck.com/?s=2014%20Mermail
2015-burning-abyss,2015,Burning Abyss,missing-source-and-deck,1,0,0,2015 Burning Abyss yugioh decklist,https://www.google.com/search?q=2015%20Burning%20Abyss%20yugioh%20decklist,https://www.google.com/search?q=2015%20Burning%20Abyss%20site%3Ayugiohtopdecks.org,https://www.google.com/search?q=2015%20Burning%20Abyss%20site%3Ayugiohblog.konami.com,https://www.google.com/search?q=2015%20Burning%20Abyss%20site%3Aformatlibrary.com,https://ygoprodeck.com/?s=2015%20Burning%20Abyss
2015-nekroz,2015,Nekroz,missing-source-and-deck,1,0,0,2015 Nekroz yugioh decklist,https://www.google.com/search?q=2015%20Nekroz%20yugioh%20decklist,https://www.google.com/search?q=2015%20Nekroz%20site%3Ayugiohtopdecks.org,https://www.google.com/search?q=2015%20Nekroz%20site%3Ayugiohblog.konami.com,https://www.google.com/search?q=2015%20Nekroz%20site%3Aformatlibrary.com,https://ygoprodeck.com/?s=2015%20Nekroz
2015-qliphort,2015,Qliphort,missing-source-and-deck,1,0,0,2015 Qliphort yugioh decklist,https://www.google.com/search?q=2015%20Qliphort%20yugioh%20decklist,https://www.google.com/search?q=2015%20Qliphort%20site%3Ayugiohtopdecks.org,https://www.google.com/search?q=2015%20Qliphort%20site%3Ayugiohblog.konami.com,https://www.google.com/search?q=2015%20Qliphort%20site%3Aformatlibrary.com,https://ygoprodeck.com/?s=2015%20Qliphort
2015-satellarknight,2015,Satellarknight,missing-source-and-deck,1,0,0,2015 Satellarknight yugioh decklist,https://www.google.com/search?q=2015%20Satellarknight%20yugioh%20decklist,https://www.google.com/search?q=2015%20Satellarknight%20site%3Ayugiohtopdecks.org,https://www.google.com/search?q=2015%20Satellarknight%20site%3Ayugiohblog.konami.com,https://www.google.com/search?q=2015%20Satellarknight%20site%3Aformatlibrary.com,https://ygoprodeck.com/?s=2015%20Satellarknight
2015-shaddoll,2015,Shaddoll,missing-source-and-deck,1,0,0,2015 Shaddoll yugioh decklist,https://www.google.com/search?q=2015%20Shaddoll%20yugioh%20decklist,https://www.google.com/search?q=2015%20Shaddoll%20site%3Ayugiohtopdecks.org,https://www.google.com/search?q=2015%20Shaddoll%20site%3Ayugiohblog.konami.com,https://www.google.com/search?q=2015%20Shaddoll%20site%3Aformatlibrary.com,https://ygoprodeck.com/?s=2015%20Shaddoll
2016-blue-eyes,2016,Blue-Eyes,missing-source-and-deck,1,0,0,2016 Blue-Eyes yugioh decklist,https://www.google.com/search?q=2016%20Blue-Eyes%20yugioh%20decklist,https://www.google.com/search?q=2016%20Blue-Eyes%20site%3Ayugiohtopdecks.org,https://www.google.com/search?q=2016%20Blue-Eyes%20site%3Ayugiohblog.konami.com,https://www.google.com/search?q=2016%20Blue-Eyes%20site%3Aformatlibrary.com,https://ygoprodeck.com/?s=2016%20Blue-Eyes
2016-burning-abyss,2016,Burning Abyss,missing-source-and-deck,1,0,0,2016 Burning Abyss yugioh decklist,https://www.google.com/search?q=2016%20Burning%20Abyss%20yugioh%20decklist,https://www.google.com/search?q=2016%20Burning%20Abyss%20site%3Ayugiohtopdecks.org,https://www.google.com/search?q=2016%20Burning%20Abyss%20site%3Ayugiohblog.konami.com,https://www.google.com/search?q=2016%20Burning%20Abyss%20site%3Aformatlibrary.com,https://ygoprodeck.com/?s=2016%20Burning%20Abyss
2016-kozmo,2016,Kozmo,missing-source-and-deck,1,0,0,2016 Kozmo yugioh decklist,https://www.google.com/search?q=2016%20Kozmo%20yugioh%20decklist,https://www.google.com/search?q=2016%20Kozmo%20site%3Ayugiohtopdecks.org,https://www.google.com/search?q=2016%20Kozmo%20site%3Ayugiohblog.konami.com,https://www.google.com/search?q=2016%20Kozmo%20site%3Aformatlibrary.com,https://ygoprodeck.com/?s=2016%20Kozmo
2016-monarch,2016,Monarch,missing-source-and-deck,1,0,0,2016 Monarch yugioh decklist,https://www.google.com/search?q=2016%20Monarch%20yugioh%20decklist,https://www.google.com/search?q=2016%20Monarch%20site%3Ayugiohtopdecks.org,https://www.google.com/search?q=2016%20Monarch%20site%3Ayugiohblog.konami.com,https://www.google.com/search?q=2016%20Monarch%20site%3Aformatlibrary.com,https://ygoprodeck.com/?s=2016%20Monarch
2016-performapal-performage,2016,Performapal Performage,missing-source-and-deck,1,0,0,2016 Performapal Performage yugioh decklist,https://www.google.com/search?q=2016%20Performapal%20Performage%20yugioh%20decklist,https://www.google.com/search?q=2016%20Performapal%20Performage%20site%3Ayugiohtopdecks.org,https://www.google.com/search?q=2016%20Performapal%20Performage%20site%3Ayugiohblog.konami.com,https://www.google.com/search?q=2016%20Performapal%20Performage%20site%3Aformatlibrary.com,https://ygoprodeck.com/?s=2016%20Performapal%20Performage
2017-dinosaur,2017,Dinosaur,missing-source-and-deck,1,0,0,2017 Dinosaur yugioh decklist,https://www.google.com/search?q=2017%20Dinosaur%20yugioh%20decklist,https://www.google.com/search?q=2017%20Dinosaur%20site%3Ayugiohtopdecks.org,https://www.google.com/search?q=2017%20Dinosaur%20site%3Ayugiohblog.konami.com,https://www.google.com/search?q=2017%20Dinosaur%20site%3Aformatlibrary.com,https://ygoprodeck.com/?s=2017%20Dinosaur
2017-pendulum-magician,2017,Pendulum Magician,missing-source-and-deck,1,0,0,2017 Pendulum Magician yugioh decklist,https://www.google.com/search?q=2017%20Pendulum%20Magician%20yugioh%20decklist,https://www.google.com/search?q=2017%20Pendulum%20Magician%20site%3Ayugiohtopdecks.org,https://www.google.com/search?q=2017%20Pendulum%20Magician%20site%3Ayugiohblog.konami.com,https://www.google.com/search?q=2017%20Pendulum%20Magician%20site%3Aformatlibrary.com,https://ygoprodeck.com/?s=2017%20Pendulum%20Magician
2017-spyral,2017,SPYRAL,missing-source-and-deck,1,0,0,2017 SPYRAL yugioh decklist,https://www.google.com/search?q=2017%20SPYRAL%20yugioh%20decklist,https://www.google.com/search?q=2017%20SPYRAL%20site%3Ayugiohtopdecks.org,https://www.google.com/search?q=2017%20SPYRAL%20site%3Ayugiohblog.konami.com,https://www.google.com/search?q=2017%20SPYRAL%20site%3Aformatlibrary.com,https://ygoprodeck.com/?s=2017%20SPYRAL
2017-true-draco,2017,True Draco,missing-source-and-deck,1,0,0,2017 True Draco yugioh decklist,https://www.google.com/search?q=2017%20True%20Draco%20yugioh%20decklist,https://www.google.com/search?q=2017%20True%20Draco%20site%3Ayugiohtopdecks.org,https://www.google.com/search?q=2017%20True%20Draco%20site%3Ayugiohblog.konami.com,https://www.google.com/search?q=2017%20True%20Draco%20site%3Aformatlibrary.com,https://ygoprodeck.com/?s=2017%20True%20Draco
2017-zoodiac,2017,Zoodiac,missing-source-and-deck,1,0,0,2017 Zoodiac yugioh decklist,https://www.google.com/search?q=2017%20Zoodiac%20yugioh%20decklist,https://www.google.com/search?q=2017%20Zoodiac%20site%3Ayugiohtopdecks.org,https://www.google.com/search?q=2017%20Zoodiac%20site%3Ayugiohblog.konami.com,https://www.google.com/search?q=2017%20Zoodiac%20site%3Aformatlibrary.com,https://ygoprodeck.com/?s=2017%20Zoodiac
2018-altergeist,2018,Altergeist,missing-source-and-deck,1,0,0,2018 Altergeist yugioh decklist,https://www.google.com/search?q=2018%20Altergeist%20yugioh%20decklist,https://www.google.com/search?q=2018%20Altergeist%20site%3Ayugiohtopdecks.org,https://www.google.com/search?q=2018%20Altergeist%20site%3Ayugiohblog.konami.com,https://www.google.com/search?q=2018%20Altergeist%20site%3Aformatlibrary.com,https://ygoprodeck.com/?s=2018%20Altergeist
2018-gouki,2018,Gouki,missing-source-and-deck,1,0,0,2018 Gouki yugioh decklist,https://www.google.com/search?q=2018%20Gouki%20yugioh%20decklist,https://www.google.com/search?q=2018%20Gouki%20site%3Ayugiohtopdecks.org,https://www.google.com/search?q=2018%20Gouki%20site%3Ayugiohblog.konami.com,https://www.google.com/search?q=2018%20Gouki%20site%3Aformatlibrary.com,https://ygoprodeck.com/?s=2018%20Gouki
2018-sky-striker,2018,Sky Striker,missing-source-and-deck,1,0,0,2018 Sky Striker yugioh decklist,https://www.google.com/search?q=2018%20Sky%20Striker%20yugioh%20decklist,https://www.google.com/search?q=2018%20Sky%20Striker%20site%3Ayugiohtopdecks.org,https://www.google.com/search?q=2018%20Sky%20Striker%20site%3Ayugiohblog.konami.com,https://www.google.com/search?q=2018%20Sky%20Striker%20site%3Aformatlibrary.com,https://ygoprodeck.com/?s=2018%20Sky%20Striker
2018-thunder-dragon,2018,Thunder Dragon,missing-source-and-deck,1,0,0,2018 Thunder Dragon yugioh decklist,https://www.google.com/search?q=2018%20Thunder%20Dragon%20yugioh%20decklist,https://www.google.com/search?q=2018%20Thunder%20Dragon%20site%3Ayugiohtopdecks.org,https://www.google.com/search?q=2018%20Thunder%20Dragon%20site%3Ayugiohblog.konami.com,https://www.google.com/search?q=2018%20Thunder%20Dragon%20site%3Aformatlibrary.com,https://ygoprodeck.com/?s=2018%20Thunder%20Dragon
2018-trickstar,2018,Trickstar,missing-source-and-deck,1,0,0,2018 Trickstar yugioh decklist,https://www.google.com/search?q=2018%20Trickstar%20yugioh%20decklist,https://www.google.com/search?q=2018%20Trickstar%20site%3Ayugiohtopdecks.org,https://www.google.com/search?q=2018%20Trickstar%20site%3Ayugiohblog.konami.com,https://www.google.com/search?q=2018%20Trickstar%20site%3Aformatlibrary.com,https://ygoprodeck.com/?s=2018%20Trickstar
2019-orcust,2019,Orcust,missing-source-and-deck,1,0,0,2019 Orcust yugioh decklist,https://www.google.com/search?q=2019%20Orcust%20yugioh%20decklist,https://www.google.com/search?q=2019%20Orcust%20site%3Ayugiohtopdecks.org,https://www.google.com/search?q=2019%20Orcust%20site%3Ayugiohblog.konami.com,https://www.google.com/search?q=2019%20Orcust%20site%3Aformatlibrary.com,https://ygoprodeck.com/?s=2019%20Orcust
2019-salamangreat,2019,Salamangreat,missing-source-and-deck,1,0,0,2019 Salamangreat yugioh decklist,https://www.google.com/search?q=2019%20Salamangreat%20yugioh%20decklist,https://www.google.com/search?q=2019%20Salamangreat%20site%3Ayugiohtopdecks.org,https://www.google.com/search?q=2019%20Salamangreat%20site%3Ayugiohblog.konami.com,https://www.google.com/search?q=2019%20Salamangreat%20site%3Aformatlibrary.com,https://ygoprodeck.com/?s=2019%20Salamangreat
2019-sky-striker,2019,Sky Striker,missing-source-and-deck,1,0,0,2019 Sky Striker yugioh decklist,https://www.google.com/search?q=2019%20Sky%20Striker%20yugioh%20decklist,https://www.google.com/search?q=2019%20Sky%20Striker%20site%3Ayugiohtopdecks.org,https://www.google.com/search?q=2019%20Sky%20Striker%20site%3Ayugiohblog.konami.com,https://www.google.com/search?q=2019%20Sky%20Striker%20site%3Aformatlibrary.com,https://ygoprodeck.com/?s=2019%20Sky%20Striker
2019-subterror,2019,Subterror,missing-source-and-deck,1,0,0,2019 Subterror yugioh decklist,https://www.google.com/search?q=2019%20Subterror%20yugioh%20decklist,https://www.google.com/search?q=2019%20Subterror%20site%3Ayugiohtopdecks.org,https://www.google.com/search?q=2019%20Subterror%20site%3Ayugiohblog.konami.com,https://www.google.com/search?q=2019%20Subterror%20site%3Aformatlibrary.com,https://ygoprodeck.com/?s=2019%20Subterror
2019-thunder-dragon,2019,Thunder Dragon,missing-source-and-deck,1,0,0,2019 Thunder Dragon yugioh decklist,https://www.google.com/search?q=2019%20Thunder%20Dragon%20yugioh%20decklist,https://www.google.com/search?q=2019%20Thunder%20Dragon%20site%3Ayugiohtopdecks.org,https://www.google.com/search?q=2019%20Thunder%20Dragon%20site%3Ayugiohblog.konami.com,https://www.google.com/search?q=2019%20Thunder%20Dragon%20site%3Aformatlibrary.com,https://ygoprodeck.com/?s=2019%20Thunder%20Dragon
2020-adamancipator,2020,Adamancipator,missing-source-and-deck,1,0,0,2020 Adamancipator yugioh decklist,https://www.google.com/search?q=2020%20Adamancipator%20yugioh%20decklist,https://www.google.com/search?q=2020%20Adamancipator%20site%3Ayugiohtopdecks.org,https://www.google.com/search?q=2020%20Adamancipator%20site%3Ayugiohblog.konami.com,https://www.google.com/search?q=2020%20Adamancipator%20site%3Aformatlibrary.com,https://ygoprodeck.com/?s=2020%20Adamancipator
2020-dogmatika-invoked,2020,Dogmatika Invoked,missing-source-and-deck,1,0,0,2020 Dogmatika Invoked yugioh decklist,https://www.google.com/search?q=2020%20Dogmatika%20Invoked%20yugioh%20decklist,https://www.google.com/search?q=2020%20Dogmatika%20Invoked%20site%3Ayugiohtopdecks.org,https://www.google.com/search?q=2020%20Dogmatika%20Invoked%20site%3Ayugiohblog.konami.com,https://www.google.com/search?q=2020%20Dogmatika%20Invoked%20site%3Aformatlibrary.com,https://ygoprodeck.com/?s=2020%20Dogmatika%20Invoked
2020-dragon-link,2020,Dragon Link,missing-source-and-deck,1,0,0,2020 Dragon Link yugioh decklist,https://www.google.com/search?q=2020%20Dragon%20Link%20yugioh%20decklist,https://www.google.com/search?q=2020%20Dragon%20Link%20site%3Ayugiohtopdecks.org,https://www.google.com/search?q=2020%20Dragon%20Link%20site%3Ayugiohblog.konami.com,https://www.google.com/search?q=2020%20Dragon%20Link%20site%3Aformatlibrary.com,https://ygoprodeck.com/?s=2020%20Dragon%20Link
2020-eldlich,2020,Eldlich,missing-source-and-deck,1,0,0,2020 Eldlich yugioh decklist,https://www.google.com/search?q=2020%20Eldlich%20yugioh%20decklist,https://www.google.com/search?q=2020%20Eldlich%20site%3Ayugiohtopdecks.org,https://www.google.com/search?q=2020%20Eldlich%20site%3Ayugiohblog.konami.com,https://www.google.com/search?q=2020%20Eldlich%20site%3Aformatlibrary.com,https://ygoprodeck.com/?s=2020%20Eldlich
2020-virtual-world,2020,Virtual World,missing-source-and-deck,1,0,0,2020 Virtual World yugioh decklist,https://www.google.com/search?q=2020%20Virtual%20World%20yugioh%20decklist,https://www.google.com/search?q=2020%20Virtual%20World%20site%3Ayugiohtopdecks.org,https://www.google.com/search?q=2020%20Virtual%20World%20site%3Ayugiohblog.konami.com,https://www.google.com/search?q=2020%20Virtual%20World%20site%3Aformatlibrary.com,https://ygoprodeck.com/?s=2020%20Virtual%20World
2021-dragon-link,2021,Dragon Link,missing-source-and-deck,1,0,0,2021 Dragon Link yugioh decklist,https://www.google.com/search?q=2021%20Dragon%20Link%20yugioh%20decklist,https://www.google.com/search?q=2021%20Dragon%20Link%20site%3Ayugiohtopdecks.org,https://www.google.com/search?q=2021%20Dragon%20Link%20site%3Ayugiohblog.konami.com,https://www.google.com/search?q=2021%20Dragon%20Link%20site%3Aformatlibrary.com,https://ygoprodeck.com/?s=2021%20Dragon%20Link
2021-drytron,2021,Drytron,missing-source-and-deck,1,0,0,2021 Drytron yugioh decklist,https://www.google.com/search?q=2021%20Drytron%20yugioh%20decklist,https://www.google.com/search?q=2021%20Drytron%20site%3Ayugiohtopdecks.org,https://www.google.com/search?q=2021%20Drytron%20site%3Ayugiohblog.konami.com,https://www.google.com/search?q=2021%20Drytron%20site%3Aformatlibrary.com,https://ygoprodeck.com/?s=2021%20Drytron
2021-prank-kids,2021,Prank-Kids,missing-source-and-deck,1,0,0,2021 Prank-Kids yugioh decklist,https://www.google.com/search?q=2021%20Prank-Kids%20yugioh%20decklist,https://www.google.com/search?q=2021%20Prank-Kids%20site%3Ayugiohtopdecks.org,https://www.google.com/search?q=2021%20Prank-Kids%20site%3Ayugiohblog.konami.com,https://www.google.com/search?q=2021%20Prank-Kids%20site%3Aformatlibrary.com,https://ygoprodeck.com/?s=2021%20Prank-Kids
2021-tri-brigade,2021,Tri-Brigade,missing-source-and-deck,1,0,0,2021 Tri-Brigade yugioh decklist,https://www.google.com/search?q=2021%20Tri-Brigade%20yugioh%20decklist,https://www.google.com/search?q=2021%20Tri-Brigade%20site%3Ayugiohtopdecks.org,https://www.google.com/search?q=2021%20Tri-Brigade%20site%3Ayugiohblog.konami.com,https://www.google.com/search?q=2021%20Tri-Brigade%20site%3Aformatlibrary.com,https://ygoprodeck.com/?s=2021%20Tri-Brigade
2021-virtual-world,2021,Virtual World,missing-source-and-deck,1,0,0,2021 Virtual World yugioh decklist,https://www.google.com/search?q=2021%20Virtual%20World%20yugioh%20decklist,https://www.google.com/search?q=2021%20Virtual%20World%20site%3Ayugiohtopdecks.org,https://www.google.com/search?q=2021%20Virtual%20World%20site%3Ayugiohblog.konami.com,https://www.google.com/search?q=2021%20Virtual%20World%20site%3Aformatlibrary.com,https://ygoprodeck.com/?s=2021%20Virtual%20World
2022-branded-despia,2022,Branded Despia,missing-source-and-deck,1,0,0,2022 Branded Despia yugioh decklist,https://www.google.com/search?q=2022%20Branded%20Despia%20yugioh%20decklist,https://www.google.com/search?q=2022%20Branded%20Despia%20site%3Ayugiohtopdecks.org,https://www.google.com/search?q=2022%20Branded%20Despia%20site%3Ayugiohblog.konami.com,https://www.google.com/search?q=2022%20Branded%20Despia%20site%3Aformatlibrary.com,https://ygoprodeck.com/?s=2022%20Branded%20Despia
2022-floowandereeze,2022,Floowandereeze,missing-source-and-deck,1,0,0,2022 Floowandereeze yugioh decklist,https://www.google.com/search?q=2022%20Floowandereeze%20yugioh%20decklist,https://www.google.com/search?q=2022%20Floowandereeze%20site%3Ayugiohtopdecks.org,https://www.google.com/search?q=2022%20Floowandereeze%20site%3Ayugiohblog.konami.com,https://www.google.com/search?q=2022%20Floowandereeze%20site%3Aformatlibrary.com,https://ygoprodeck.com/?s=2022%20Floowandereeze
2022-spright,2022,Spright,missing-source-and-deck,1,0,0,2022 Spright yugioh decklist,https://www.google.com/search?q=2022%20Spright%20yugioh%20decklist,https://www.google.com/search?q=2022%20Spright%20site%3Ayugiohtopdecks.org,https://www.google.com/search?q=2022%20Spright%20site%3Ayugiohblog.konami.com,https://www.google.com/search?q=2022%20Spright%20site%3Aformatlibrary.com,https://ygoprodeck.com/?s=2022%20Spright
2022-swordsoul,2022,Swordsoul,missing-source-and-deck,1,0,0,2022 Swordsoul yugioh decklist,https://www.google.com/search?q=2022%20Swordsoul%20yugioh%20decklist,https://www.google.com/search?q=2022%20Swordsoul%20site%3Ayugiohtopdecks.org,https://www.google.com/search?q=2022%20Swordsoul%20site%3Ayugiohblog.konami.com,https://www.google.com/search?q=2022%20Swordsoul%20site%3Aformatlibrary.com,https://ygoprodeck.com/?s=2022%20Swordsoul
2022-tearlaments,2022,Tearlaments,missing-source-and-deck,1,0,0,2022 Tearlaments yugioh decklist,https://www.google.com/search?q=2022%20Tearlaments%20yugioh%20decklist,https://www.google.com/search?q=2022%20Tearlaments%20site%3Ayugiohtopdecks.org,https://www.google.com/search?q=2022%20Tearlaments%20site%3Ayugiohblog.konami.com,https://www.google.com/search?q=2022%20Tearlaments%20site%3Aformatlibrary.com,https://ygoprodeck.com/?s=2022%20Tearlaments
2023-branded,2023,Branded,missing-source-and-deck,1,0,0,2023 Branded yugioh decklist,https://www.google.com/search?q=2023%20Branded%20yugioh%20decklist,https://www.google.com/search?q=2023%20Branded%20site%3Ayugiohtopdecks.org,https://www.google.com/search?q=2023%20Branded%20site%3Ayugiohblog.konami.com,https://www.google.com/search?q=2023%20Branded%20site%3Aformatlibrary.com,https://ygoprodeck.com/?s=2023%20Branded
2023-kashtira,2023,Kashtira,missing-source-and-deck,1,0,0,2023 Kashtira yugioh decklist,https://www.google.com/search?q=2023%20Kashtira%20yugioh%20decklist,https://www.google.com/search?q=2023%20Kashtira%20site%3Ayugiohtopdecks.org,https://www.google.com/search?q=2023%20Kashtira%20site%3Ayugiohblog.konami.com,https://www.google.com/search?q=2023%20Kashtira%20site%3Aformatlibrary.com,https://ygoprodeck.com/?s=2023%20Kashtira
2023-labrynth,2023,Labrynth,missing-source-and-deck,1,0,0,2023 Labrynth yugioh decklist,https://www.google.com/search?q=2023%20Labrynth%20yugioh%20decklist,https://www.google.com/search?q=2023%20Labrynth%20site%3Ayugiohtopdecks.org,https://www.google.com/search?q=2023%20Labrynth%20site%3Ayugiohblog.konami.com,https://www.google.com/search?q=2023%20Labrynth%20site%3Aformatlibrary.com,https://ygoprodeck.com/?s=2023%20Labrynth
2023-mathmech,2023,Mathmech,missing-source-and-deck,1,0,0,2023 Mathmech yugioh decklist,https://www.google.com/search?q=2023%20Mathmech%20yugioh%20decklist,https://www.google.com/search?q=2023%20Mathmech%20site%3Ayugiohtopdecks.org,https://www.google.com/search?q=2023%20Mathmech%20site%3Ayugiohblog.konami.com,https://www.google.com/search?q=2023%20Mathmech%20site%3Aformatlibrary.com,https://ygoprodeck.com/?s=2023%20Mathmech
2023-purrely,2023,Purrely,missing-source-and-deck,1,0,0,2023 Purrely yugioh decklist,https://www.google.com/search?q=2023%20Purrely%20yugioh%20decklist,https://www.google.com/search?q=2023%20Purrely%20site%3Ayugiohtopdecks.org,https://www.google.com/search?q=2023%20Purrely%20site%3Ayugiohblog.konami.com,https://www.google.com/search?q=2023%20Purrely%20site%3Aformatlibrary.com,https://ygoprodeck.com/?s=2023%20Purrely
2024-labrynth,2024,Labrynth,missing-source-and-deck,1,0,0,2024 Labrynth yugioh decklist,https://www.google.com/search?q=2024%20Labrynth%20yugioh%20decklist,https://www.google.com/search?q=2024%20Labrynth%20site%3Ayugiohtopdecks.org,https://www.google.com/search?q=2024%20Labrynth%20site%3Ayugiohblog.konami.com,https://www.google.com/search?q=2024%20Labrynth%20site%3Aformatlibrary.com,https://ygoprodeck.com/?s=2024%20Labrynth
2024-snake-eye,2024,Snake-Eye,missing-source-and-deck,1,0,0,2024 Snake-Eye yugioh decklist,https://www.google.com/search?q=2024%20Snake-Eye%20yugioh%20decklist,https://www.google.com/search?q=2024%20Snake-Eye%20site%3Ayugiohtopdecks.org,https://www.google.com/search?q=2024%20Snake-Eye%20site%3Ayugiohblog.konami.com,https://www.google.com/search?q=2024%20Snake-Eye%20site%3Aformatlibrary.com,https://ygoprodeck.com/?s=2024%20Snake-Eye
2024-tenpai-dragon,2024,Tenpai Dragon,missing-source-and-deck,1,0,0,2024 Tenpai Dragon yugioh decklist,https://www.google.com/search?q=2024%20Tenpai%20Dragon%20yugioh%20decklist,https://www.google.com/search?q=2024%20Tenpai%20Dragon%20site%3Ayugiohtopdecks.org,https://www.google.com/search?q=2024%20Tenpai%20Dragon%20site%3Ayugiohblog.konami.com,https://www.google.com/search?q=2024%20Tenpai%20Dragon%20site%3Aformatlibrary.com,https://ygoprodeck.com/?s=2024%20Tenpai%20Dragon
2024-voiceless-voice,2024,Voiceless Voice,missing-source-and-deck,1,0,0,2024 Voiceless Voice yugioh decklist,https://www.google.com/search?q=2024%20Voiceless%20Voice%20yugioh%20decklist,https://www.google.com/search?q=2024%20Voiceless%20Voice%20site%3Ayugiohtopdecks.org,https://www.google.com/search?q=2024%20Voiceless%20Voice%20site%3Ayugiohblog.konami.com,https://www.google.com/search?q=2024%20Voiceless%20Voice%20site%3Aformatlibrary.com,https://ygoprodeck.com/?s=2024%20Voiceless%20Voice
2024-yubel,2024,Yubel,missing-source-and-deck,1,0,0,2024 Yubel yugioh decklist,https://www.google.com/search?q=2024%20Yubel%20yugioh%20decklist,https://www.google.com/search?q=2024%20Yubel%20site%3Ayugiohtopdecks.org,https://www.google.com/search?q=2024%20Yubel%20site%3Ayugiohblog.konami.com,https://www.google.com/search?q=2024%20Yubel%20site%3Aformatlibrary.com,https://ygoprodeck.com/?s=2024%20Yubel
2025-fiendsmith,2025,Fiendsmith,missing-source-and-deck,1,0,0,2025 Fiendsmith yugioh decklist,https://www.google.com/search?q=2025%20Fiendsmith%20yugioh%20decklist,https://www.google.com/search?q=2025%20Fiendsmith%20site%3Ayugiohtopdecks.org,https://www.google.com/search?q=2025%20Fiendsmith%20site%3Ayugiohblog.konami.com,https://www.google.com/search?q=2025%20Fiendsmith%20site%3Aformatlibrary.com,https://ygoprodeck.com/?s=2025%20Fiendsmith
2025-maliss,2025,Maliss,missing-source-and-deck,1,0,0,2025 Maliss yugioh decklist,https://www.google.com/search?q=2025%20Maliss%20yugioh%20decklist,https://www.google.com/search?q=2025%20Maliss%20site%3Ayugiohtopdecks.org,https://www.google.com/search?q=2025%20Maliss%20site%3Ayugiohblog.konami.com,https://www.google.com/search?q=2025%20Maliss%20site%3Aformatlibrary.com,https://ygoprodeck.com/?s=2025%20Maliss
2025-memento,2025,Memento,missing-source-and-deck,1,0,0,2025 Memento yugioh decklist,https://www.google.com/search?q=2025%20Memento%20yugioh%20decklist,https://www.google.com/search?q=2025%20Memento%20site%3Ayugiohtopdecks.org,https://www.google.com/search?q=2025%20Memento%20site%3Ayugiohblog.konami.com,https://www.google.com/search?q=2025%20Memento%20site%3Aformatlibrary.com,https://ygoprodeck.com/?s=2025%20Memento
2025-ryzeal,2025,Ryzeal,missing-source-and-deck,1,0,0,2025 Ryzeal yugioh decklist,https://www.google.com/search?q=2025%20Ryzeal%20yugioh%20decklist,https://www.google.com/search?q=2025%20Ryzeal%20site%3Ayugiohtopdecks.org,https://www.google.com/search?q=2025%20Ryzeal%20site%3Ayugiohblog.konami.com,https://www.google.com/search?q=2025%20Ryzeal%20site%3Aformatlibrary.com,https://ygoprodeck.com/?s=2025%20Ryzeal
2025-snake-eye,2025,Snake-Eye,missing-source-and-deck,1,0,0,2025 Snake-Eye yugioh decklist,https://www.google.com/search?q=2025%20Snake-Eye%20yugioh%20decklist,https://www.google.com/search?q=2025%20Snake-Eye%20site%3Ayugiohtopdecks.org,https://www.google.com/search?q=2025%20Snake-Eye%20site%3Ayugiohblog.konami.com,https://www.google.com/search?q=2025%20Snake-Eye%20site%3Aformatlibrary.com,https://ygoprodeck.com/?s=2025%20Snake-Eye
2007-perfect-circle-monarch,2007,Perfect Circle Monarch,source-registered,2,1,0,2007 Perfect Circle Monarch yugioh decklist,https://www.google.com/search?q=2007%20Perfect%20Circle%20Monarch%20yugioh%20decklist,https://www.google.com/search?q=2007%20Perfect%20Circle%20Monarch%20site%3Ayugiohtopdecks.org,https://www.google.com/search?q=2007%20Perfect%20Circle%20Monarch%20site%3Ayugiohblog.konami.com,https://www.google.com/search?q=2007%20Perfect%20Circle%20Monarch%20site%3Aformatlibrary.com,https://ygoprodeck.com/?s=2007%20Perfect%20Circle%20Monarch
2008-teledad,2008,TeleDAD,source-registered,2,1,0,2008 TeleDAD yugioh decklist,https://www.google.com/search?q=2008%20TeleDAD%20yugioh%20decklist,https://www.google.com/search?q=2008%20TeleDAD%20site%3Ayugiohtopdecks.org,https://www.google.com/search?q=2008%20TeleDAD%20site%3Ayugiohblog.konami.com,https://www.google.com/search?q=2008%20TeleDAD%20site%3Aformatlibrary.com,https://ygoprodeck.com/?s=2008%20TeleDAD
2009-blackwing,2009,Blackwing,source-registered,2,1,0,2009 Blackwing yugioh decklist,https://www.google.com/search?q=2009%20Blackwing%20yugioh%20decklist,https://www.google.com/search?q=2009%20Blackwing%20site%3Ayugiohtopdecks.org,https://www.google.com/search?q=2009%20Blackwing%20site%3Ayugiohblog.konami.com,https://www.google.com/search?q=2009%20Blackwing%20site%3Aformatlibrary.com,https://ygoprodeck.com/?s=2009%20Blackwing
2010-x-saber,2010,X-Saber,source-registered,2,1,0,2010 X-Saber yugioh decklist,https://www.google.com/search?q=2010%20X-Saber%20yugioh%20decklist,https://www.google.com/search?q=2010%20X-Saber%20site%3Ayugiohtopdecks.org,https://www.google.com/search?q=2010%20X-Saber%20site%3Ayugiohblog.konami.com,https://www.google.com/search?q=2010%20X-Saber%20site%3Aformatlibrary.com,https://ygoprodeck.com/?s=2010%20X-Saber