year,target,status,hasSource,hasDeck,sourceCount,deckCount,sourceLabels,deckNames
2005,Goat Control,imported,true,true,1,1,Existing app decklist,Goat Control
2005,Chaos Turbo,missing-source-and-deck,false,false,0,0,,
2005,Warrior Toolbox,missing-source-and-deck,false,false,0,0,,
2005,Reasoning Gate,missing-source-and-deck,false,false,0,0,,
2005,Burn,imported,true,true,1,1,Yu-Gi-Oh! Top Decks - deck 15 - YGOverdose Tournament 5 (Mar 2013) - Mar 2013,Chain Burn 2005
2006,Chaos Return,missing-source-and-deck,false,false,0,0,,
2006,Monarch,missing-source-and-deck,false,false,0,0,,
2006,Recruiter Chaos,missing-source-and-deck,false,false,0,0,,
2006,Gadget,imported,true,true,1,1,Yu-Gi-Oh! Top Decks - deck 43 - YGOverdose Constructed 7 (May 2013) - May 2013,Gadget 2006
2006,Bazoo Return,missing-source-and-deck,false,false,0,0,,
2007,Perfect Circle Monarch,source-registered,true,false,1,0,Format Library Perfect Circle Format,
2007,Demise OTK,missing-source-and-deck,false,false,0,0,,
2007,Gadget,imported,true,true,2,1,Yu-Gi-Oh! Top Decks - deck 483 - YCS - Chicago Illinois (Mar 2014) - Mar 2014 | Yu-Gi-Oh! Top Decks - deck 570 - YCS - Meadowlands New Jersey (May 2013) - May 2013,Gadget 2007
2007,Zombie,imported,true,true,23,1,Yu-Gi-Oh! Top Decks - deck 1494 - Regional - San Jose California (Nov 2013) - Nov 2013 | Yu-Gi-Oh! Top Decks - deck 1588 - Regional - Des Moines Iowa (Oct 2013) - Oct 2013 | Yu-Gi-Oh! Top Decks - deck 1989 - 2012 YCS Providence (Oct 2012) - Oct 2012 | Yu-Gi-Oh! Top Decks - deck 2153 - 2011 YCS Orlando (May 2011) - May 2011 | Yu-Gi-Oh! Top Decks - deck 2288 - 2010 SJ Los Angeles (Jan 2010) - Jan 2010 | Yu-Gi-Oh! Top Decks - deck 2289 - 2010 SJ Los Angeles (Jan 2010) - Jan 2010 | Yu-Gi-Oh! Top Decks - deck 2290 - 2010 SJ Los Angeles (Jan 2010) - Jan 2010 | Yu-Gi-Oh! Top Decks - deck 2291 - 2010 SJ Los Angeles (Jan 2010) - Jan 2010 | Yu-Gi-Oh! Top Decks - deck 2292 - 2010 SJ Los Angeles (Jan 2010) - Jan 2010 | Yu-Gi-Oh! Top Decks - deck 2297 - 2010 SJ Los Angeles (Jan 2010) - Jan 2010 | Yu-Gi-Oh! Top Decks - deck 2300 - 2010 SJ Los Angeles (Jan 2010) - Jan 2010 | Yu-Gi-Oh! Top Decks - deck 2430 - 2010 Championship Series - Atlanta (Nov 2010) - Nov 2010 | Yu-Gi-Oh! Top Decks - deck 2432 - PtGRtS (Feb 2009) - Feb 2009 | Yu-Gi-Oh! Top Decks - deck 2470 - 2009 SJ Houston (Jan 2009) - Jan 2009 | Yu-Gi-Oh! Top Decks - deck 2480 - 2009 SJ Columbus (Nov 2009) - Nov 2009 | Yu-Gi-Oh! Top Decks - deck 2483 - 2009 SJ Columbus (Nov 2009) - Nov 2009 | Yu-Gi-Oh! Top Decks - deck 2486 - 2009 SJ Columbus (Nov 2009) - Nov 2009 | Yu-Gi-Oh! Top Decks - deck 2487 - 2009 SJ Columbus (Nov 2009) - Nov 2009 | Yu-Gi-Oh! Top Decks - deck 2488 - 2009 SJ Columbus (Nov 2009) - Nov 2009 | Yu-Gi-Oh! Top Decks - deck 2493 - 2009 SJ Columbus (Nov 2009) - Nov 2009 | Yu-Gi-Oh! Top Decks - deck 2504 - 2009 SJ Austin (Oct 2009) - Oct 2009 | Yu-Gi-Oh! Top Decks - deck 2505 - 2009 SJ Austin (Oct 2009) - Oct 2009 | Yu-Gi-Oh! Top Decks - deck 2552 - 2008 SJ Tulsa (Sep 2008) - Sep 2008,Zombie 2007
2007,Crystal Beast,missing-source-and-deck,false,false,0,0,,
2008,TeleDAD,source-registered,true,false,31,0,SJC Detroit 2008 Top 16 | Yu-Gi-Oh! Top Decks - deck 2449 - 2009 SJ San Francisco (Jan 2009) - Jan 2009 | Yu-Gi-Oh! Top Decks - deck 2450 - 2009 SJ San Francisco (Jan 2009) - Jan 2009 | Yu-Gi-Oh! Top Decks - deck 2451 - 2009 SJ San Francisco (Jan 2009) - Jan 2009 | Yu-Gi-Oh! Top Decks - deck 2452 - 2009 SJ San Francisco (Jan 2009) - Jan 2009 | Yu-Gi-Oh! Top Decks - deck 2454 - 2009 SJ San Francisco (Jan 2009) - Jan 2009 | Yu-Gi-Oh! Top Decks - deck 2455 - 2009 SJ San Francisco (Jan 2009) - Jan 2009 | Yu-Gi-Oh! Top Decks - deck 2456 - 2009 SJ San Francisco (Jan 2009) - Jan 2009 | Yu-Gi-Oh! Top Decks - deck 2463 - 2009 SJ Houston (Jan 2009) - Jan 2009 | Yu-Gi-Oh! Top Decks - deck 2464 - 2009 SJ Houston (Jan 2009) - Jan 2009 | Yu-Gi-Oh! Top Decks - deck 2466 - 2009 SJ Houston (Jan 2009) - Jan 2009 | Yu-Gi-Oh! Top Decks - deck 2467 - 2009 SJ Houston (Jan 2009) - Jan 2009 | Yu-Gi-Oh! Top Decks - deck 2468 - 2009 SJ Houston (Jan 2009) - Jan 2009 | Yu-Gi-Oh! Top Decks - deck 2469 - 2009 SJ Houston (Jan 2009) - Jan 2009 | Yu-Gi-Oh! Top Decks - deck 2471 - 2009 SJ Houston (Jan 2009) - Jan 2009 | Yu-Gi-Oh! Top Decks - deck 2472 - 2009 SJ Houston (Jan 2009) - Jan 2009 | Yu-Gi-Oh! Top Decks - deck 2473 - 2009 SJ Houston (Jan 2009) - Jan 2009 | Yu-Gi-Oh! Top Decks - deck 2474 - 2009 SJ Houston (Jan 2009) - Jan 2009 | Yu-Gi-Oh! Top Decks - deck 2475 - 2009 SJ Houston (Jan 2009) - Jan 2009 | Yu-Gi-Oh! Top Decks - deck 2476 - 2009 SJ Houston (Jan 2009) - Jan 2009 | Yu-Gi-Oh! Top Decks - deck 2477 - 2009 SJ Houston (Jan 2009) - Jan 2009 | Yu-Gi-Oh! Top Decks - deck 2478 - 2009 SJ Houston (Jan 2009) - Jan 2009 | Yu-Gi-Oh! Top Decks - deck 2549 - 2008 SJ Tulsa (Sep 2008) - Sep 2008 | Yu-Gi-Oh! Top Decks - deck 2550 - 2008 SJ Tulsa (Sep 2008) - Sep 2008 | Yu-Gi-Oh! Top Decks - deck 2551 - 2008 SJ Tulsa (Sep 2008) - Sep 2008 | Yu-Gi-Oh! Top Decks - deck 2553 - 2008 SJ Tulsa (Sep 2008) - Sep 2008 | Yu-Gi-Oh! Top Decks - deck 2555 - 2008 SJ Tulsa (Sep 2008) - Sep 2008 | Yu-Gi-Oh! Top Decks - deck 2556 - 2008 SJ Tulsa (Sep 2008) - Sep 2008 | Yu-Gi-Oh! Top Decks - deck 2560 - 2008 SJ Tulsa (Sep 2008) - Sep 2008 | Yu-Gi-Oh! Top Decks - deck 2561 - 2008 SJ Tulsa (Sep 2008) - Sep 2008 | Yu-Gi-Oh! Top Decks - deck 2562 - 2008 SJ Tulsa (Sep 2008) - Sep 2008,
2008,Gladiator Beast,source-registered,true,false,19,0,Yu-Gi-Oh! Top Decks - deck 1181 - Regional - Lisbon Portugal (Mar 2014) - Mar 2014 | Yu-Gi-Oh! Top Decks - deck 1219 - Regional - Charlotte North Carolina (Feb 2014) - Feb 2014 | Yu-Gi-Oh! Top Decks - deck 1427 - Regional - Jenks Oklahoma (Mar 2013) - Mar 2013 | Yu-Gi-Oh! Top Decks - deck 1653 - Regional - Seattle Washington (Jun 2013) - Jun 2013 | Yu-Gi-Oh! Top Decks - deck 1707 - National Championship - Bulgaria (Jun 2014) - Jun 2014 | Yu-Gi-Oh! Top Decks - deck 1994 - 2012 YCS Providence (Oct 2012) - Oct 2012 | Yu-Gi-Oh! Top Decks - deck 2159 - 2011 YCS Orlando (May 2011) - May 2011 | Yu-Gi-Oh! Top Decks - deck 2230 - 2011 YCS Columbus (Nov 2011) - Nov 2011 | Yu-Gi-Oh! Top Decks - deck 2276 - 2011 YCS Anaheim (Apr 2011) - Apr 2011 | Yu-Gi-Oh! Top Decks - deck 2518 - 2008 World Championships (Aug 2008) - Aug 2008 | Yu-Gi-Oh! Top Decks - deck 2519 - 2008 World Championships (Aug 2008) - Aug 2008 | Yu-Gi-Oh! Top Decks - deck 2526 - 2008 World Championships (Aug 2008) - Aug 2008 | Yu-Gi-Oh! Top Decks - deck 2529 - 2008 World Championships (Aug 2008) - Aug 2008 | Yu-Gi-Oh! Top Decks - deck 2531 - 2008 World Championships (Aug 2008) - Aug 2008 | Yu-Gi-Oh! Top Decks - deck 2536 - 2008 World Championships (Aug 2008) - Aug 2008 | Yu-Gi-Oh! Top Decks - deck 2541 - 2008 US Nationals (Jun 2008) - Jun 2008 | Yu-Gi-Oh! Top Decks - deck 2542 - 2008 US Nationals (Jun 2008) - Jun 2008 | Yu-Gi-Oh! Top Decks - deck 2543 - 2008 US Nationals (Jun 2008) - Jun 2008 | Yu-Gi-Oh! Top Decks - deck 2559 - 2008 SJ Tulsa (Sep 2008) - Sep 2008,
2008,Lightsworn,imported,true,true,1,1,Yu-Gi-Oh! Top Decks - deck 55 - YGO State Championship Utah (Jul 2014) - Jul 2014,Lightsworn 2008
2008,Dark Armed Return,source-registered,true,false,9,0,Yu-Gi-Oh! Top Decks - deck 2438 - Kings Games Regionals (Jan 2009) - Jan 2009 | Yu-Gi-Oh! Top Decks - deck 2439 - Kings Games Regionals (Jan 2009) - Jan 2009 | Yu-Gi-Oh! Top Decks - deck 2532 - 2008 World Championships (Aug 2008) - Aug 2008 | Yu-Gi-Oh! Top Decks - deck 2533 - 2008 World Championships (Aug 2008) - Aug 2008 | Yu-Gi-Oh! Top Decks - deck 2540 - 2008 World Championships (Aug 2008) - Aug 2008 | Yu-Gi-Oh! Top Decks - deck 2544 - 2008 US Nationals (Jun 2008) - Jun 2008 | Yu-Gi-Oh! Top Decks - deck 2545 - 2008 US Nationals (Jun 2008) - Jun 2008 | Yu-Gi-Oh! Top Decks - deck 2546 - 2008 US Nationals (Jun 2008) - Jun 2008 | Yu-Gi-Oh! Top Decks - deck 2547 - 2008 US Nationals (Jun 2008) - Jun 2008,
2008,Zombie Synchro,missing-source-and-deck,false,false,0,0,,
2009,Blackwing,imported,true,true,13,1,SJC Orlando 2009 Top 16 Decklists | Yu-Gi-Oh! Top Decks - deck 2457 - 2009 SJ Orlando (Sep 2009) - Sep 2009 | Yu-Gi-Oh! Top Decks - deck 2458 - 2009 SJ Indianapolis (Aug 2009) - Aug 2009 | Yu-Gi-Oh! Top Decks - deck 2461 - 2009 SJ Indianapolis (Aug 2009) - Aug 2009 | Yu-Gi-Oh! Top Decks - deck 2481 - 2009 SJ Columbus (Nov 2009) - Nov 2009 | Yu-Gi-Oh! Top Decks - deck 2484 - 2009 SJ Columbus (Nov 2009) - Nov 2009 | Yu-Gi-Oh! Top Decks - deck 2496 - 2009 SJ Austin (Oct 2009) - Oct 2009 | Yu-Gi-Oh! Top Decks - deck 2497 - 2009 SJ Austin (Oct 2009) - Oct 2009 | Yu-Gi-Oh! Top Decks - deck 2498 - 2009 SJ Austin (Oct 2009) - Oct 2009 | Yu-Gi-Oh! Top Decks - deck 2500 - 2009 SJ Austin (Oct 2009) - Oct 2009 | Yu-Gi-Oh! Top Decks - deck 2511 - 2009 CA Nationals (Jul 2009) - Jul 2009 | Yu-Gi-Oh! Top Decks - deck 2516 - 2009 CA Nationals (Jul 2009) - Jul 2009 | Yu-Gi-Oh! Top Decks - deck 2517 - 2009 CA Nationals (Jul 2009) - Jul 2009,Blackwing 2009
2009,Lightsworn,imported,true,true,16,1,Yu-Gi-Oh! Top Decks - deck 111 - YGO State Championship Nebraska (Jul 2014) - Jul 2014 | Yu-Gi-Oh! Top Decks - deck 117 - YGO State Championship Mississippi (Jul 2014) - Jul 2014 | Yu-Gi-Oh! Top Decks - deck 118 - YGO State Championship Mississippi (Jul 2014) - Jul 2014 | Yu-Gi-Oh! Top Decks - deck 121 - YGO State Championship Mississippi (Jul 2014) - Jul 2014 | Yu-Gi-Oh! Top Decks - deck 122 - YGO State Championship Minnesota (Jul 2014) - Jul 2014 | Yu-Gi-Oh! Top Decks - deck 124 - YGO State Championship Minnesota (Jul 2014) - Jul 2014 | Yu-Gi-Oh! Top Decks - deck 137 - YGO State Championship Michigan (Jul 2014) - Jul 2014 | Yu-Gi-Oh! Top Decks - deck 141 - YGO State Championship Maine (Jul 2014) - Jul 2014 | Yu-Gi-Oh! Top Decks - deck 142 - YGO State Championship Maine (Jul 2014) - Jul 2014 | Yu-Gi-Oh! Top Decks - deck 148 - YGO State Championship Idaho (Jul 2014) - Jul 2014 | Yu-Gi-Oh! Top Decks - deck 157 - YGO State Championship Florida (Jul 2014) - Jul 2014 | Yu-Gi-Oh! Top Decks - deck 163 - YGO State Championship Connecticut (Jul 2014) - Jul 2014 | Yu-Gi-Oh! Top Decks - deck 194 - YGO State Championship Oregon (Aug 2014) - Aug 2014 | Yu-Gi-Oh! Top Decks - deck 208 - YGO State Championship North Dakota (Aug 2014) - Aug 2014 | Yu-Gi-Oh! Top Decks - deck 69 - YGO State Championship South Dakota (Jul 2014) - Jul 2014 | Yu-Gi-Oh! Top Decks - deck 86 - YGO State Championship New York (Jul 2014) - Jul 2014,Lightsworn 2009
2009,Cat Synchro,missing-source-and-deck,false,false,0,0,,
2009,Gladiator Beast,source-registered,true,false,17,0,Yu-Gi-Oh! Top Decks - deck 2281 - 2010 United States WCQ (Jul 2010) - Jul 2010 | Yu-Gi-Oh! Top Decks - deck 2311 - 2010 SJ Edison (Apr 2010) - Apr 2010 | Yu-Gi-Oh! Top Decks - deck 2324 - 2010 Championship Series - Toronto (Sep 2010) - Sep 2010 | Yu-Gi-Oh! Top Decks - deck 2325 - 2010 Championship Series - Toronto (Sep 2010) - Sep 2010 | Yu-Gi-Oh! Top Decks - deck 2327 - 2010 Championship Series - Toronto (Sep 2010) - Sep 2010 | Yu-Gi-Oh! Top Decks - deck 2333 - 2010 Championship Series - Toronto (Sep 2010) - Sep 2010 | Yu-Gi-Oh! Top Decks - deck 2354 - 2010 Championship Series - Indianapolis (Aug 2010) - Aug 2010 | Yu-Gi-Oh! Top Decks - deck 2376 - 2010 Championship Series - DC (May 2010) - May 2010 | Yu-Gi-Oh! Top Decks - deck 2382 - 2010 Championship Series - DC (May 2010) - May 2010 | Yu-Gi-Oh! Top Decks - deck 2385 - 2010 Championship Series - DC (May 2010) - May 2010 | Yu-Gi-Oh! Top Decks - deck 2396 - 2010 Championship Series - DC (May 2010) - May 2010 | Yu-Gi-Oh! Top Decks - deck 2398 - 2010 Championship Series - DC (May 2010) - May 2010 | Yu-Gi-Oh! Top Decks - deck 2407 - 2010 Championship Series - Chicago (Jun 2010) - Jun 2010 | Yu-Gi-Oh! Top Decks - deck 2416 - 2010 Championship Series - Chicago (Jun 2010) - Jun 2010 | Yu-Gi-Oh! Top Decks - deck 2447 - 2009 US Nationals (Jul 2009) - Jul 2009 | Yu-Gi-Oh! Top Decks - deck 2509 - 2009 Shonen Jump: Anaheim (Apr 2009) - Apr 2009 | Yu-Gi-Oh! Top Decks - deck 2514 - 2009 CA Nationals (Jul 2009) - Jul 2009,
2009,Twilight,imported,true,true,4,1,Yu-Gi-Oh! Top Decks - deck 1924 - 2012 YCS Toulouse (Apr 2012) - Apr 2012 | Yu-Gi-Oh! Top Decks - deck 2479 - 2009 SJ Columbus (Nov 2009) - Nov 2009 | Yu-Gi-Oh! Top Decks - deck 2501 - 2009 SJ Austin (Oct 2009) - Oct 2009 | Yu-Gi-Oh! Top Decks - deck 2503 - 2009 SJ Austin (Oct 2009) - Oct 2009,Twilight Dragon 2009
2010,Blackwing,imported,true,true,24,1,Yu-Gi-Oh! Top Decks - deck 1080 - Regional - Lenexa Kansas (May 2014) - May 2014 | Yu-Gi-Oh! Top Decks - deck 1188 - Regional - Fargo North Dakota (Mar 2014) - Mar 2014 | Yu-Gi-Oh! Top Decks - deck 1257 - Regional - Rio de Janeiro Brazil (Jan 2014) - Jan 2014 | Yu-Gi-Oh! Top Decks - deck 1262 - Regional - Caracas Venezuela (Jan 2014) - Jan 2014 | Yu-Gi-Oh! Top Decks - deck 1281 - Regional - Cali Colombia (Jan 2014) - Jan 2014 | Yu-Gi-Oh! Top Decks - deck 1516 - Regional - Guyaquil Ecuador (Nov 2013) - Nov 2013 | Yu-Gi-Oh! Top Decks - deck 1618 - Regional - Dartmouth Canada (Sep 2013) - Sep 2013 | Yu-Gi-Oh! Top Decks - deck 1778 - ARGCS Online Open 1 (Sep 2013) - Sep 2013 | Yu-Gi-Oh! Top Decks - deck 1846 - ARGCS Circuit Series - Ft. Worth Texas (Sep 2013) - Sep 2013 | Yu-Gi-Oh! Top Decks - deck 2161 - 2011 YCS Orlando (May 2011) - May 2011 | Yu-Gi-Oh! Top Decks - deck 2221 - 2011 YCS Dallas (Feb 2011) - Feb 2011 | Yu-Gi-Oh! Top Decks - deck 2222 - 2011 YCS Dallas (Feb 2011) - Feb 2011 | Yu-Gi-Oh! Top Decks - deck 2299 - 2010 SJ Los Angeles (Jan 2010) - Jan 2010 | Yu-Gi-Oh! Top Decks - deck 2314 - 2010 SJ Edison (Apr 2010) - Apr 2010 | Yu-Gi-Oh! Top Decks - deck 2335 - 2010 Championship Series - San Jose (Sep 2010) - Sep 2010 | Yu-Gi-Oh! Top Decks - deck 2336 - 2010 Championship Series - San Jose (Sep 2010) - Sep 2010 | Yu-Gi-Oh! Top Decks - deck 2338 - 2010 Championship Series - San Jose (Sep 2010) - Sep 2010 | Yu-Gi-Oh! Top Decks - deck 2346 - 2010 Championship Series - Philadelphia (Oct 2010) - Oct 2010 | Yu-Gi-Oh! Top Decks - deck 2347 - 2010 Championship Series - Philadelphia (Oct 2010) - Oct 2010 | Yu-Gi-Oh! Top Decks - deck 2390 - 2010 Championship Series - DC (May 2010) - May 2010 | Yu-Gi-Oh! Top Decks - deck 2406 - 2010 Championship Series - Chicago (Jun 2010) - Jun 2010 | Yu-Gi-Oh! Top Decks - deck 2421 - 2010 Championship Series - Atlanta (Nov 2010) - Nov 2010 | Yu-Gi-Oh! Top Decks - deck 2431 - 2010 Championship Series - Atlanta (Nov 2010) - Nov 2010 | Yu-Gi-Oh! Top Decks - deck 681 - YCS - Toronto Canada (Sep 2013) - Sep 2013,Blackwing 2010
2010,X-Saber,imported,true,true,44,1,Konami YCS X-Saber Deck Profile | Yu-Gi-Oh! Top Decks - deck 2133 - 2011 YCS Toronto (Oct 2011) - Oct 2011 | Yu-Gi-Oh! Top Decks - deck 2156 - 2011 YCS Orlando (May 2011) - May 2011 | Yu-Gi-Oh! Top Decks - deck 2190 - 2011 YCS Kansas City (Nov 2011) - Nov 2011 | Yu-Gi-Oh! Top Decks - deck 2237 - 2011 YCS Charlotte (Mar 2011) - Mar 2011 | Yu-Gi-Oh! Top Decks - deck 2261 - 2011 YCS Anaheim (Apr 2011) - Apr 2011 | Yu-Gi-Oh! Top Decks - deck 2274 - 2011 YCS Anaheim (Apr 2011) - Apr 2011 | Yu-Gi-Oh! Top Decks - deck 2278 - 2010 United States WCQ (Jul 2010) - Jul 2010 | Yu-Gi-Oh! Top Decks - deck 2279 - 2010 United States WCQ (Jul 2010) - Jul 2010 | Yu-Gi-Oh! Top Decks - deck 2280 - 2010 United States WCQ (Jul 2010) - Jul 2010 | Yu-Gi-Oh! Top Decks - deck 2282 - 2010 United States WCQ (Jul 2010) - Jul 2010 | Yu-Gi-Oh! Top Decks - deck 2283 - 2010 United States WCQ (Jul 2010) - Jul 2010 | Yu-Gi-Oh! Top Decks - deck 2318 - 2010 Championship Series - Toronto (Sep 2010) - Sep 2010 | Yu-Gi-Oh! Top Decks - deck 2319 - 2010 Championship Series - Toronto (Sep 2010) - Sep 2010 | Yu-Gi-Oh! Top Decks - deck 2329 - 2010 Championship Series - Toronto (Sep 2010) - Sep 2010 | Yu-Gi-Oh! Top Decks - deck 2332 - 2010 Championship Series - Toronto (Sep 2010) - Sep 2010 | Yu-Gi-Oh! Top Decks - deck 2340 - 2010 Championship Series - San Jose (Sep 2010) - Sep 2010 | Yu-Gi-Oh! Top Decks - deck 2344 - 2010 Championship Series - Philadelphia (Oct 2010) - Oct 2010 | Yu-Gi-Oh! Top Decks - deck 2345 - 2010 Championship Series - Philadelphia (Oct 2010) - Oct 2010 | Yu-Gi-Oh! Top Decks - deck 2348 - 2010 Championship Series - Philadelphia (Oct 2010) - Oct 2010 | Yu-Gi-Oh! Top Decks - deck 2351 - 2010 Championship Series - Indianapolis (Aug 2010) - Aug 2010 | Yu-Gi-Oh! Top Decks - deck 2359 - 2010 Championship Series - Indianapolis (Aug 2010) - Aug 2010 | Yu-Gi-Oh! Top Decks - deck 2360 - 2010 Championship Series - Indianapolis (Aug 2010) - Aug 2010 | Yu-Gi-Oh! Top Decks - deck 2361 - 2010 Championship Series - Indianapolis (Aug 2010) - Aug 2010 | Yu-Gi-Oh! Top Decks - deck 2363 - 2010 Championship Series - Indianapolis (Aug 2010) - Aug 2010 | Yu-Gi-Oh! Top Decks - deck 2364 - 2010 Championship Series - Indianapolis (Aug 2010) - Aug 2010 | Yu-Gi-Oh! Top Decks - deck 2365 - 2010 Championship Series - Indianapolis (Aug 2010) - Aug 2010 | Yu-Gi-Oh! Top Decks - deck 2366 - 2010 Championship Series - Indianapolis (Aug 2010) - Aug 2010 | Yu-Gi-Oh! Top Decks - deck 2370 - 2010 Championship Series - DC (May 2010) - May 2010 | Yu-Gi-Oh! Top Decks - deck 2371 - 2010 Championship Series - DC (May 2010) - May 2010 | Yu-Gi-Oh! Top Decks - deck 2388 - 2010 Championship Series - DC (May 2010) - May 2010 | Yu-Gi-Oh! Top Decks - deck 2394 - 2010 Championship Series - DC (May 2010) - May 2010 | Yu-Gi-Oh! Top Decks - deck 2395 - 2010 Championship Series - DC (May 2010) - May 2010 | Yu-Gi-Oh! Top Decks - deck 2397 - 2010 Championship Series - DC (May 2010) - May 2010 | Yu-Gi-Oh! Top Decks - deck 2399 - 2010 Championship Series - DC (May 2010) - May 2010 | Yu-Gi-Oh! Top Decks - deck 2401 - 2010 Championship Series - Chicago (Jun 2010) - Jun 2010 | Yu-Gi-Oh! Top Decks - deck 2402 - 2010 Championship Series - Chicago (Jun 2010) - Jun 2010 | Yu-Gi-Oh! Top Decks - deck 2403 - 2010 Championship Series - Chicago (Jun 2010) - Jun 2010 | Yu-Gi-Oh! Top Decks - deck 2404 - 2010 Championship Series - Chicago (Jun 2010) - Jun 2010 | Yu-Gi-Oh! Top Decks - deck 2409 - 2010 Championship Series - Chicago (Jun 2010) - Jun 2010 | Yu-Gi-Oh! Top Decks - deck 2411 - 2010 Championship Series - Chicago (Jun 2010) - Jun 2010 | Yu-Gi-Oh! Top Decks - deck 2413 - 2010 Championship Series - Chicago (Jun 2010) - Jun 2010 | Yu-Gi-Oh! Top Decks - deck 2415 - 2010 Championship Series - Chicago (Jun 2010) - Jun 2010 | Yu-Gi-Oh! Top Decks - deck 2419 - 2010 Championship Series - Atlanta (Nov 2010) - Nov 2010,X-Saber 2010
2010,Frog Monarch,source-registered,true,false,35,0,Yu-Gi-Oh! Top Decks - deck 1020 - Regional - Louisville Kentucky (Jun 2014) - Jun 2014 | Yu-Gi-Oh! Top Decks - deck 1192 - Regional - Taylorsville Utah (Mar 2014) - Mar 2014 | Yu-Gi-Oh! Top Decks - deck 1234 - Regional - Tinley Park Illinois (Jan 2014) - Jan 2014 | Yu-Gi-Oh! Top Decks - deck 1443 - Regional - Garden City Michigan (Mar 2013) - Mar 2013 | Yu-Gi-Oh! Top Decks - deck 1485 - Regional - Managua Nicaragua (Dec 2013) - Dec 2013 | Yu-Gi-Oh! Top Decks - deck 159 - YGO State Championship Florida (Jul 2014) - Jul 2014 | Yu-Gi-Oh! Top Decks - deck 166 - YGO State Championship Connecticut (Jul 2014) - Jul 2014 | Yu-Gi-Oh! Top Decks - deck 1694 - National Championship - Germany (Jun 2014) - Jun 2014 | Yu-Gi-Oh! Top Decks - deck 1889 - Allis Wisconsin Regional - 2 (Mar 2013) - Mar 2013 | Yu-Gi-Oh! Top Decks - deck 1998 - 2012 YCS Providence (Oct 2012) - Oct 2012 | Yu-Gi-Oh! Top Decks - deck 2004 - 2012 YCS Providence (Oct 2012) - Oct 2012 | Yu-Gi-Oh! Top Decks - deck 2137 - 2011 YCS Toronto (Oct 2011) - Oct 2011 | Yu-Gi-Oh! Top Decks - deck 2147 - 2011 YCS Providence (Jul 2011) - Jul 2011 | Yu-Gi-Oh! Top Decks - deck 2223 - 2011 YCS Dallas (Feb 2011) - Feb 2011 | Yu-Gi-Oh! Top Decks - deck 2234 - 2011 YCS Charlotte (Mar 2011) - Mar 2011 | Yu-Gi-Oh! Top Decks - deck 2285 - 2010 United States WCQ (Jul 2010) - Jul 2010 | Yu-Gi-Oh! Top Decks - deck 2307 - 2010 SJ Edison (Apr 2010) - Apr 2010 | Yu-Gi-Oh! Top Decks - deck 2352 - 2010 Championship Series - Indianapolis (Aug 2010) - Aug 2010 | Yu-Gi-Oh! Top Decks - deck 2357 - 2010 Championship Series - Indianapolis (Aug 2010) - Aug 2010 | Yu-Gi-Oh! Top Decks - deck 2362 - 2010 Championship Series - Indianapolis (Aug 2010) - Aug 2010 | Yu-Gi-Oh! Top Decks - deck 2383 - 2010 Championship Series - DC (May 2010) - May 2010 | Yu-Gi-Oh! Top Decks - deck 2386 - 2010 Championship Series - DC (May 2010) - May 2010 | Yu-Gi-Oh! Top Decks - deck 2408 - 2010 Championship Series - Chicago (Jun 2010) - Jun 2010 | Yu-Gi-Oh! Top Decks - deck 2414 - 2010 Championship Series - Chicago (Jun 2010) - Jun 2010 | Yu-Gi-Oh! Top Decks - deck 2527 - 2008 World Championships (Aug 2008) - Aug 2008 | Yu-Gi-Oh! Top Decks - deck 2528 - 2008 World Championships (Aug 2008) - Aug 2008 | Yu-Gi-Oh! Top Decks - deck 2534 - 2008 World Championships (Aug 2008) - Aug 2008 | Yu-Gi-Oh! Top Decks - deck 2539 - 2008 World Championships (Aug 2008) - Aug 2008 | Yu-Gi-Oh! Top Decks - deck 2548 - 2008 US Nationals (Jun 2008) - Jun 2008 | Yu-Gi-Oh! Top Decks - deck 331 - YGO $10K Championship - Indianapolis (Oct 2014) - Oct 2014 | Yu-Gi-Oh! Top Decks - deck 582 - YCS - San Diego California (Apr 2013) - Apr 2013 | Yu-Gi-Oh! Top Decks - deck 609 - YCS - Austin Texas (Mar 2013) - Mar 2013 | Yu-Gi-Oh! Top Decks - deck 64 - YGO State Championship Tennessee (Jul 2014) - Jul 2014 | Yu-Gi-Oh! Top Decks - deck 726 - WCQ - North America (Jul 2014) - Jul 2014 | Yu-Gi-Oh! Top Decks - deck 838 - WCQ - German Nationals (Jun 2013) - Jun 2013,
2010,Quickdraw Dandywarrior,imported,true,true,12,1,Yu-Gi-Oh! Top Decks - deck 2302 - 2010 SJ Edison (Apr 2010) - Apr 2010 | Yu-Gi-Oh! Top Decks - deck 2305 - 2010 SJ Edison (Apr 2010) - Apr 2010 | Yu-Gi-Oh! Top Decks - deck 2306 - 2010 SJ Edison (Apr 2010) - Apr 2010 | Yu-Gi-Oh! Top Decks - deck 2326 - 2010 Championship Series - Toronto (Sep 2010) - Sep 2010 | Yu-Gi-Oh! Top Decks - deck 2337 - 2010 Championship Series - San Jose (Sep 2010) - Sep 2010 | Yu-Gi-Oh! Top Decks - deck 2341 - 2010 Championship Series - San Jose (Sep 2010) - Sep 2010 | Yu-Gi-Oh! Top Decks - deck 2343 - 2010 Championship Series - Philadelphia (Oct 2010) - Oct 2010 | Yu-Gi-Oh! Top Decks - deck 2374 - 2010 Championship Series - DC (May 2010) - May 2010 | Yu-Gi-Oh! Top Decks - deck 2387 - 2010 Championship Series - DC (May 2010) - May 2010 | Yu-Gi-Oh! Top Decks - deck 2392 - 2010 Championship Series - DC (May 2010) - May 2010 | Yu-Gi-Oh! Top Decks - deck 2393 - 2010 Championship Series - DC (May 2010) - May 2010 | Yu-Gi-Oh! Top Decks - deck 2434 - PtGRtS (Feb 2009) - Feb 2009,Quickdraw Dandywarrior 2010
2010,Infernity,imported,true,true,1,1,Yu-Gi-Oh! Top Decks - deck 1 - YGOverdose Tournament 6 (Apr 2013) - Apr 2013,Infernity 2010
2011,Plant Synchro,source-registered,true,false,62,0,Yu-Gi-Oh! Top Decks - deck 1745 - National Championship - United Kingdom (May 2014) - May 2014 | Yu-Gi-Oh! Top Decks - deck 2037 - 2012 YCS Guadalajara (Feb 2012) - Feb 2012 | Yu-Gi-Oh! Top Decks - deck 2054 - 2012 YCS Guadalajara (Feb 2012) - Feb 2012 | Yu-Gi-Oh! Top Decks - deck 2060 - 2012 YCS Guadalajara (Feb 2012) - Feb 2012 | Yu-Gi-Oh! Top Decks - deck 2112 - 2011 YCS Toronto (Oct 2011) - Oct 2011 | Yu-Gi-Oh! Top Decks - deck 2118 - 2011 YCS Toronto (Sep 2011) - Sep 2011 | Yu-Gi-Oh! Top Decks - deck 2119 - 2011 YCS Toronto (Sep 2011) - Sep 2011 | Yu-Gi-Oh! Top Decks - deck 2121 - 2011 YCS Toronto (Oct 2011) - Oct 2011 | Yu-Gi-Oh! Top Decks - deck 2123 - 2011 YCS Toronto (Oct 2011) - Oct 2011 | Yu-Gi-Oh! Top Decks - deck 2134 - 2011 YCS Toronto (Oct 2011) - Oct 2011 | Yu-Gi-Oh! Top Decks - deck 2135 - 2011 YCS Toronto (Oct 2011) - Oct 2011 | Yu-Gi-Oh! Top Decks - deck 2138 - 2011 YCS Toronto (Oct 2011) - Oct 2011 | Yu-Gi-Oh! Top Decks - deck 2143 - 2011 YCS Toronto (Sep 2011) - Sep 2011 | Yu-Gi-Oh! Top Decks - deck 2144 - 2011 YCS Providence (Jul 2011) - Jul 2011 | Yu-Gi-Oh! Top Decks - deck 2149 - 2011 YCS Providence (Jul 2011) - Jul 2011 | Yu-Gi-Oh! Top Decks - deck 2154 - 2011 YCS Orlando (May 2011) - May 2011 | Yu-Gi-Oh! Top Decks - deck 2157 - 2011 YCS Orlando (May 2011) - May 2011 | Yu-Gi-Oh! Top Decks - deck 2170 - 2011 YCS Kansas City (Nov 2011) - Nov 2011 | Yu-Gi-Oh! Top Decks - deck 2171 - 2011 YCS Kansas City (Nov 2011) - Nov 2011 | Yu-Gi-Oh! Top Decks - deck 2176 - 2011 YCS Kansas City (Nov 2011) - Nov 2011 | Yu-Gi-Oh! Top Decks - deck 2179 - 2011 YCS Kansas City (Nov 2011) - Nov 2011 | Yu-Gi-Oh! Top Decks - deck 2181 - 2011 YCS Kansas City (Nov 2011) - Nov 2011 | Yu-Gi-Oh! Top Decks - deck 2183 - 2011 YCS Kansas City (Nov 2011) - Nov 2011 | Yu-Gi-Oh! Top Decks - deck 2186 - 2011 YCS Kansas City (Nov 2011) - Nov 2011 | Yu-Gi-Oh! Top Decks - deck 2187 - 2011 YCS Kansas City (Nov 2011) - Nov 2011 | Yu-Gi-Oh! Top Decks - deck 2188 - 2011 YCS Kansas City (Nov 2011) - Nov 2011 | Yu-Gi-Oh! Top Decks - deck 2191 - 2011 YCS Kansas City (Nov 2011) - Nov 2011 | Yu-Gi-Oh! Top Decks - deck 2192 - 2011 YCS Kansas City (Nov 2011) - Nov 2011 | Yu-Gi-Oh! Top Decks - deck 2193 - 2011 YCS Kansas City (Nov 2011) - Nov 2011 | Yu-Gi-Oh! Top Decks - deck 2195 - 2011 YCS Kansas City (Nov 2011) - Nov 2011 | Yu-Gi-Oh! Top Decks - deck 2197 - 2011 YCS Kansas City (Nov 2011) - Nov 2011 | Yu-Gi-Oh! Top Decks - deck 2199 - 2011 YCS Kansas City (Nov 2011) - Nov 2011 | Yu-Gi-Oh! Top Decks - deck 2200 - 2011 YCS Kansas City (Nov 2011) - Nov 2011 | Yu-Gi-Oh! Top Decks - deck 2225 - 2011 YCS Columbus (Oct 2011) - Oct 2011 | Yu-Gi-Oh! Top Decks - deck 2226 - 2011 YCS Columbus (Nov 2011) - Nov 2011 | Yu-Gi-Oh! Top Decks - deck 2227 - 2011 YCS Columbus (Nov 2011) - Nov 2011 | Yu-Gi-Oh! Top Decks - deck 2229 - 2011 YCS Columbus (Oct 2011) - Oct 2011 | Yu-Gi-Oh! Top Decks - deck 2243 - 2011 YCS Brighton (Dec 2011) - Dec 2011 | Yu-Gi-Oh! Top Decks - deck 2246 - 2011 YCS Brighton (Dec 2011) - Dec 2011 | Yu-Gi-Oh! Top Decks - deck 2248 - 2011 YCS Brighton (Dec 2011) - Dec 2011 | Yu-Gi-Oh! Top Decks - deck 2255 - 2011 YCS Brighton (Dec 2011) - Dec 2011 | Yu-Gi-Oh! Top Decks - deck 2266 - 2011 YCS Anaheim (Apr 2011) - Apr 2011 | Yu-Gi-Oh! Top Decks - deck 2277 - 2011 North American WCQ (Aug 2011) - Aug 2011 | Yu-Gi-Oh! Top Decks - deck 2309 - 2010 SJ Edison (Apr 2010) - Apr 2010 | Yu-Gi-Oh! Top Decks - deck 2315 - 2010 SJ Edison (Apr 2010) - Apr 2010 | Yu-Gi-Oh! Top Decks - deck 2342 - 2010 Championship Series - Philadelphia (Oct 2010) - Oct 2010 | Yu-Gi-Oh! Top Decks - deck 2423 - 2010 Championship Series - Atlanta (Nov 2010) - Nov 2010 | Yu-Gi-Oh! Top Decks - deck 2424 - 2010 Championship Series - Atlanta (Nov 2010) - Nov 2010 | Yu-Gi-Oh! Top Decks - deck 2425 - 2010 Championship Series - Atlanta (Nov 2010) - Nov 2010 | Yu-Gi-Oh! Top Decks - deck 2426 - 2010 Championship Series - Atlanta (Nov 2010) - Nov 2010 | Yu-Gi-Oh! Top Decks - deck 2427 - 2010 Championship Series - Atlanta (Nov 2010) - Nov 2010 | Yu-Gi-Oh! Top Decks - deck 2428 - 2010 Championship Series - Atlanta (Nov 2010) - Nov 2010 | Yu-Gi-Oh! Top Decks - deck 2444 - 2009 US Nationals (Jul 2009) - Jul 2009 | Yu-Gi-Oh! Top Decks - deck 2445 - 2009 US Nationals (Jul 2009) - Jul 2009 | Yu-Gi-Oh! Top Decks - deck 2446 - 2009 US Nationals (Jul 2009) - Jul 2009 | Yu-Gi-Oh! Top Decks - deck 2448 - 2009 US Nationals (Jul 2009) - Jul 2009 | Yu-Gi-Oh! Top Decks - deck 2459 - 2009 SJ Indianapolis (Aug 2009) - Aug 2009 | Yu-Gi-Oh! Top Decks - deck 2460 - 2009 SJ Indianapolis (Aug 2009) - Aug 2009 | Yu-Gi-Oh! Top Decks - deck 2462 - 2009 SJ Indianapolis (Aug 2009) - Aug 2009 | Yu-Gi-Oh! Top Decks - deck 2510 - 2009 CA Nationals (Jul 2009) - Jul 2009 | Yu-Gi-Oh! Top Decks - deck 432 - YCS - Philadelphia Pennsylvania (May 2014) - May 2014 | Yu-Gi-Oh! Top Decks - deck 562 - YCS - Meadowlands New Jersey (May 2013) - May 2013,
2011,Tengu Plant,source-registered,true,false,10,0,Yu-Gi-Oh! Top Decks - deck 1063 - Regional - Philadelphia Pennsylvania (May 2014) - May 2014 | Yu-Gi-Oh! Top Decks - deck 1102 - Regional - Honolulu Hawaii (May 2014) - May 2014 | Yu-Gi-Oh! Top Decks - deck 2201 - 2011 YCS Indianapolis (Aug 2011) - Aug 2011 | Yu-Gi-Oh! Top Decks - deck 2202 - 2011 YCS Indianapolis (Aug 2011) - Aug 2011 | Yu-Gi-Oh! Top Decks - deck 2206 - 2011 YCS Indianapolis (Aug 2011) - Aug 2011 | Yu-Gi-Oh! Top Decks - deck 2210 - 2011 YCS Indianapolis (Aug 2011) - Aug 2011 | Yu-Gi-Oh! Top Decks - deck 2211 - 2011 YCS Indianapolis (Aug 2011) - Aug 2011 | Yu-Gi-Oh! Top Decks - deck 2212 - 2011 YCS Indianapolis (Aug 2011) - Aug 2011 | Yu-Gi-Oh! Top Decks - deck 2213 - 2011 YCS Indianapolis (Aug 2011) - Aug 2011 | Yu-Gi-Oh! Top Decks - deck 2216 - 2011 YCS Indianapolis (Aug 2011) - Aug 2011,
2011,Agents,source-registered,true,false,16,0,Yu-Gi-Oh! Top Decks - deck 1500 - Regional - San Jose California (Nov 2013) - Nov 2013 | Yu-Gi-Oh! Top Decks - deck 1884 - Almada Portugal Regional - 1 (Feb 2013) - Feb 2013 | Yu-Gi-Oh! Top Decks - deck 1886 - Almada Portugal Regional - 1 (Feb 2013) - Feb 2013 | Yu-Gi-Oh! Top Decks - deck 1963 - 2012 YCS Seattle (Nov 2012) - Nov 2012 | Yu-Gi-Oh! Top Decks - deck 1965 - 2012 YCS Seattle (Nov 2012) - Nov 2012 | Yu-Gi-Oh! Top Decks - deck 1971 - 2012 YCS Seattle (Nov 2012) - Nov 2012 | Yu-Gi-Oh! Top Decks - deck 1974 - 2012 YCS Seattle (Nov 2012) - Nov 2012 | Yu-Gi-Oh! Top Decks - deck 1977 - 2012 YCS Seattle (Nov 2012) - Nov 2012 | Yu-Gi-Oh! Top Decks - deck 1983 - 2012 YCS Seattle (Nov 2012) - Nov 2012 | Yu-Gi-Oh! Top Decks - deck 1990 - 2012 YCS Providence (Oct 2012) - Oct 2012 | Yu-Gi-Oh! Top Decks - deck 1993 - 2012 YCS Providence (Oct 2012) - Oct 2012 | Yu-Gi-Oh! Top Decks - deck 1996 - 2012 YCS Providence (Oct 2012) - Oct 2012 | Yu-Gi-Oh! Top Decks - deck 2073 - 2012 YCS Barcelona (Dec 2012) - Dec 2012 | Yu-Gi-Oh! Top Decks - deck 2079 - 2012 YCS Atlanta (Feb 2012) - Feb 2012 | Yu-Gi-Oh! Top Decks - deck 2205 - 2011 YCS Indianapolis (Aug 2011) - Aug 2011 | Yu-Gi-Oh! Top Decks - deck 40 - YGOverdose Tournament 1 (Jan 2013) - Jan 2013,
2011,Six Samurai,imported,true,true,2,1,Yu-Gi-Oh! Top Decks - deck 16 - YGOverdose Tournament 5 (Mar 2013) - Mar 2013 | Yu-Gi-Oh! Top Decks - deck 22 - YGOverdose Tournament 4 (Mar 2013) - Mar 2013,Six Samurai 2011
2011,Gravekeeper,imported,true,true,2,1,Yu-Gi-Oh! Top Decks - deck 110 - YGO State Championship Nebraska (Jul 2014) - Jul 2014 | Yu-Gi-Oh! Top Decks - deck 150 - YGO State Championship Idaho (Jul 2014) - Jul 2014,Gravekeeper 2011
2012,Wind-Up,imported,true,true,9,1,Yu-Gi-Oh! Top Decks - deck 11 - YGOverdose Tournament 5 (Mar 2013) - Mar 2013 | Yu-Gi-Oh! Top Decks - deck 12 - YGOverdose Tournament 5 (Mar 2013) - Mar 2013 | Yu-Gi-Oh! Top Decks - deck 14 - YGOverdose Tournament 5 (Mar 2013) - Mar 2013 | Yu-Gi-Oh! Top Decks - deck 23 - YGOverdose Tournament 3 (Feb 2013) - Feb 2013 | Yu-Gi-Oh! Top Decks - deck 25 - YGOverdose Tournament 3 (Feb 2013) - Feb 2013 | Yu-Gi-Oh! Top Decks - deck 26 - YGOverdose Tournament 3 (Feb 2013) - Feb 2013 | Yu-Gi-Oh! Top Decks - deck 32 - YGOverdose Tournament 2 (Jan 2013) - Jan 2013 | Yu-Gi-Oh! Top Decks - deck 33 - YGOverdose Tournament 2 (Jan 2013) - Jan 2013 | Yu-Gi-Oh! Top Decks - deck 41 - YGOverdose Tournament 1 (Jan 2013) - Jan 2013,Wind-Up 2012
2012,Dino Rabbit,imported,true,true,2,1,Yu-Gi-Oh! Top Decks - deck 29 - YGOverdose Tournament 3 (Feb 2013) - Feb 2013 | Yu-Gi-Oh! Top Decks - deck 35 - YGOverdose Tournament 2 (Jan 2013) - Jan 2013,Dino Rabbit 2012
2012,Inzektor,imported,true,true,1,1,Yu-Gi-Oh! Top Decks - deck 28 - YGOverdose Tournament 3 (Feb 2013) - Feb 2013,Inzektor 2012
2012,Chaos Dragon,source-registered,true,false,212,0,Yu-Gi-Oh! Top Decks - deck 119 - YGO State Championship Mississippi (Jul 2014) - Jul 2014 | Yu-Gi-Oh! Top Decks - deck 1298 - Regional - Frederick Maryland (Jun 2013) - Jun 2013 | Yu-Gi-Oh! Top Decks - deck 1302 - Regional - Tallahassee Florida (Jun 2013) - Jun 2013 | Yu-Gi-Oh! Top Decks - deck 1304 - Regional - Tallahassee Florida (Jun 2013) - Jun 2013 | Yu-Gi-Oh! Top Decks - deck 1305 - Regional - Mesa Arizona (Jun 2013) - Jun 2013 | Yu-Gi-Oh! Top Decks - deck 1306 - Regional - Madison Tennessee (Jun 2013) - Jun 2013 | Yu-Gi-Oh! Top Decks - deck 1312 - Regional - Tulsa Oklahoma (Jun 2013) - Jun 2013 | Yu-Gi-Oh! Top Decks - deck 1318 - Regional - Montreal Canada (Jun 2013) - Jun 2013 | Yu-Gi-Oh! Top Decks - deck 1319 - Regional - Montreal Canada (Jun 2013) - Jun 2013 | Yu-Gi-Oh! Top Decks - deck 1322 - Regional - Montreal Canada (Jun 2013) - Jun 2013 | Yu-Gi-Oh! Top Decks - deck 1323 - Regional - Montreal Canada (Jun 2013) - Jun 2013 | Yu-Gi-Oh! Top Decks - deck 1325 - Regional - Montreal Canada (Jun 2013) - Jun 2013 | Yu-Gi-Oh! Top Decks - deck 1329 - Regional - Indianapolis Indiana (Jun 2013) - Jun 2013 | Yu-Gi-Oh! Top Decks - deck 1330 - Regional - Indianapolis Indiana (Jun 2013) - Jun 2013 | Yu-Gi-Oh! Top Decks - deck 1331 - Regional - Indianapolis Indiana (Jun 2013) - Jun 2013 | Yu-Gi-Oh! Top Decks - deck 1332 - Regional - Charlotte North Carolina (Jun 2013) - Jun 2013 | Yu-Gi-Oh! Top Decks - deck 1333 - Regional - Miami Florida (Jun 2013) - Jun 2013 | Yu-Gi-Oh! Top Decks - deck 1334 - Regional - Miami Florida (Jun 2013) - Jun 2013 | Yu-Gi-Oh! Top Decks - deck 1336 - Regional - Los Angeles California (Jun 2013) - Jun 2013 | Yu-Gi-Oh! Top Decks - deck 1338 - Regional - Los Angeles California (Jun 2013) - Jun 2013 | Yu-Gi-Oh! Top Decks - deck 1339 - Regional - Los Angeles California (Jun 2013) - Jun 2013 | Yu-Gi-Oh! Top Decks - deck 1340 - Regional - Los Angeles California (Jun 2013) - Jun 2013 | Yu-Gi-Oh! Top Decks - deck 1342 - Regional - Lenexa Kansas (Jun 2013) - Jun 2013 | Yu-Gi-Oh! Top Decks - deck 1344 - Regional - Lenexa Kansas (Jun 2013) - Jun 2013 | Yu-Gi-Oh! Top Decks - deck 1345 - Regional - Ft. Worth Texas (Jun 2013) - Jun 2013 | Yu-Gi-Oh! Top Decks - deck 1346 - Regional - Allis Wisconsin (Jun 2013) - Jun 2013 | Yu-Gi-Oh! Top Decks - deck 1348 - Regional - Allis Wisconsin (Jun 2013) - Jun 2013 | Yu-Gi-Oh! Top Decks - deck 1350 - Regional - Allis Wisconsin (Jun 2013) - Jun 2013 | Yu-Gi-Oh! Top Decks - deck 1351 - Regional - Akron Ohio (Jun 2013) - Jun 2013 | Yu-Gi-Oh! Top Decks - deck 1352 - Regional - Akron Ohio (Jun 2013) - Jun 2013 | Yu-Gi-Oh! Top Decks - deck 1353 - Regional - Akron Ohio (Jun 2013) - Jun 2013 | Yu-Gi-Oh! Top Decks - deck 1355 - Regional - Akron Ohio (Jun 2013) - Jun 2013 | Yu-Gi-Oh! Top Decks - deck 1370 - Regional - Columbus Ohio (Apr 2013) - Apr 2013 | Yu-Gi-Oh! Top Decks - deck 1372 - Regional - Columbus Ohio (Apr 2013) - Apr 2013 | Yu-Gi-Oh! Top Decks - deck 1375 - Regional - Columbus Ohio (Apr 2013) - Apr 2013 | Yu-Gi-Oh! Top Decks - deck 1457 - Regional - Miami Florida (Dec 2013) - Dec 2013 | Yu-Gi-Oh! Top Decks - deck 1463 - Regional - Lenexa Kansas (Dec 2013) - Dec 2013 | Yu-Gi-Oh! Top Decks - deck 1469 - Regional - Rochester New York (Dec 2013) - Dec 2013 | Yu-Gi-Oh! Top Decks - deck 1473 - Regional - Crestwood Missourri (Dec 2013) - Dec 2013 | Yu-Gi-Oh! Top Decks - deck 1479 - Regional - Philadelphia Pennsylvania (Dec 2013) - Dec 2013 | Yu-Gi-Oh! Top Decks - deck 1480 - Regional - Philadelphia Pennsylvania (Dec 2013) - Dec 2013 | Yu-Gi-Oh! Top Decks - deck 1493 - Regional - San Jose California (Nov 2013) - Nov 2013 | Yu-Gi-Oh! Top Decks - deck 1496 - Regional - San Jose California (Nov 2013) - Nov 2013 | Yu-Gi-Oh! Top Decks - deck 1498 - Regional - San Jose California (Nov 2013) - Nov 2013 | Yu-Gi-Oh! Top Decks - deck 1501 - Regional - Kissimmee Florida (Nov 2013) - Nov 2013 | Yu-Gi-Oh! Top Decks - deck 1503 - Regional - Kissimmee Florida (Nov 2013) - Nov 2013 | Yu-Gi-Oh! Top Decks - deck 1506 - Regional - Charlotte North Carolina (Nov 2013) - Nov 2013 | Yu-Gi-Oh! Top Decks - deck 1509 - Regional - Spokane Washington (Nov 2013) - Nov 2013 | Yu-Gi-Oh! Top Decks - deck 1510 - Regional - Spokane Washington (Nov 2013) - Nov 2013 | Yu-Gi-Oh! Top Decks - deck 1513 - Regional - Guyaquil Ecuador (Nov 2013) - Nov 2013 | Yu-Gi-Oh! Top Decks - deck 1514 - Regional - Guyaquil Ecuador (Nov 2013) - Nov 2013 | Yu-Gi-Oh! Top Decks - deck 1522 - Regional - Fargo North Dakota (Nov 2013) - Nov 2013 | Yu-Gi-Oh! Top Decks - deck 1523 - Regional - Fargo North Dakota (Nov 2013) - Nov 2013 | Yu-Gi-Oh! Top Decks - deck 1528 - Regional - Colorado Springs Colorado (Nov 2013) - Nov 2013 | Yu-Gi-Oh! Top Decks - deck 1529 - Regional - Frederick Maryland (Oct 2013) - Oct 2013 | Yu-Gi-Oh! Top Decks - deck 1531 - Regional - Frederick Maryland (Oct 2013) - Oct 2013 | Yu-Gi-Oh! Top Decks - deck 1536 - Regional - Garden City Michigan (Oct 2013) - Oct 2013 | Yu-Gi-Oh! Top Decks - deck 1537 - Regional - Tinley Park Illinois (Oct 2013) - Oct 2013 | Yu-Gi-Oh! Top Decks - deck 1543 - Regional - Tinley Park Illinois (Oct 2013) - Oct 2013 | Yu-Gi-Oh! Top Decks - deck 1544 - Regional - Tinley Park Illinois (Oct 2013) - Oct 2013 | Yu-Gi-Oh! Top Decks - deck 1546 - Regional - Houston Texas (Oct 2013) - Oct 2013 | Yu-Gi-Oh! Top Decks - deck 1561 - Regional - Atlantic City New Jersey (Oct 2013) - Oct 2013 | Yu-Gi-Oh! Top Decks - deck 1562 - Regional - Atlantic City New Jersey (Oct 2013) - Oct 2013 | Yu-Gi-Oh! Top Decks - deck 1567 - Regional - Atlantic City New Jersey (Oct 2013) - Oct 2013 | Yu-Gi-Oh! Top Decks - deck 1568 - Regional - Atlantic City New Jersey (Oct 2013) - Oct 2013 | Yu-Gi-Oh! Top Decks - deck 1570 - Regional - San Antonio Texas (Oct 2013) - Oct 2013 | Yu-Gi-Oh! Top Decks - deck 1571 - Regional - San Antonio Texas (Oct 2013) - Oct 2013 | Yu-Gi-Oh! Top Decks - deck 1573 - Regional - San Antonio Texas (Oct 2013) - Oct 2013 | Yu-Gi-Oh! Top Decks - deck 1577 - Regional - Philadelphia Pennsylvania (Oct 2013) - Oct 2013 | Yu-Gi-Oh! Top Decks - deck 1579 - Regional - Philadelphia Pennsylvania (Oct 2013) - Oct 2013 | Yu-Gi-Oh! Top Decks - deck 1586 - Regional - Kissimmee Florida (Oct 2013) - Oct 2013 | Yu-Gi-Oh! Top Decks - deck 1597 - Regional - Reno Nevada (Sep 2013) - Sep 2013 | Yu-Gi-Oh! Top Decks - deck 1601 - Regional - Regina Canada (Sep 2013) - Sep 2013 | Yu-Gi-Oh! Top Decks - deck 1603 - Regional - Guayaquil Ecuador (Sep 2013) - Sep 2013 | Yu-Gi-Oh! Top Decks - deck 1605 - Regional - Guayaquil Ecuador (Sep 2013) - Sep 2013 | Yu-Gi-Oh! Top Decks - deck 1615 - Regional - Lenexa Kansas (Sep 2013) - Sep 2013 | Yu-Gi-Oh! Top Decks - deck 1624 - Regional - Anaheim California (Sep 2013) - Sep 2013 | Yu-Gi-Oh! Top Decks - deck 1630 - Regional - Roanoke Virginia (Sep 2013) - Sep 2013 | Yu-Gi-Oh! Top Decks - deck 1637 - Regional - Ft. Worth Texas (Sep 2013) - Sep 2013 | Yu-Gi-Oh! Top Decks - deck 1638 - Regional - Ft. Worth Texas (Sep 2013) - Sep 2013 | Yu-Gi-Oh! Top Decks - deck 1639 - Regional - Ft. Worth Texas (Sep 2013) - Sep 2013 | Yu-Gi-Oh! Top Decks - deck 1642 - Regional - Ft. Worth Texas (Sep 2013) - Sep 2013 | Yu-Gi-Oh! Top Decks - deck 1644 - Regional - Ft. Worth Texas (Sep 2013) - Sep 2013 | Yu-Gi-Oh! Top Decks - deck 1645 - Regional - Calgary Canada (Sep 2013) - Sep 2013 | Yu-Gi-Oh! Top Decks - deck 1649 - Regional - Countryside Illinois (Jun 2013) - Jun 2013 | Yu-Gi-Oh! Top Decks - deck 1650 - Regional - Toronto Canada (Jun 2013) - Jun 2013 | Yu-Gi-Oh! Top Decks - deck 1651 - Regional - Toronto Canada (Jun 2013) - Jun 2013 | Yu-Gi-Oh! Top Decks - deck 1681 - National Championship - Peru (Jun 2014) - Jun 2014 | Yu-Gi-Oh! Top Decks - deck 1717 - National Championship - Argentina (Jun 2014) - Jun 2014 | Yu-Gi-Oh! Top Decks - deck 1759 - Mesa Arizona Regional Qualifier (Feb 2013) - Feb 2013 | Yu-Gi-Oh! Top Decks - deck 1774 - ARGCS Online Open 1 (Sep 2013) - Sep 2013 | Yu-Gi-Oh! Top Decks - deck 1775 - ARGCS Online Open 1 (Sep 2013) - Sep 2013 | Yu-Gi-Oh! Top Decks - deck 1781 - ARGCS Online Open 1 (Sep 2013) - Sep 2013 | Yu-Gi-Oh! Top Decks - deck 1821 - ARGCS Circuit Series - Columbus Ohio (Oct 2013) - Oct 2013 | Yu-Gi-Oh! Top Decks - deck 1825 - ARGCS Circuit Series - Columbus Ohio (Oct 2013) - Oct 2013 | Yu-Gi-Oh! Top Decks - deck 1826 - ARGCS Circuit Series - Columbus Ohio (Oct 2013) - Oct 2013 | Yu-Gi-Oh! Top Decks - deck 1827 - ARGCS Circuit Series - Columbus Ohio (Oct 2013) - Oct 2013 | Yu-Gi-Oh! Top Decks - deck 1828 - ARGCS Circuit Series - Columbus Ohio (Oct 2013) - Oct 2013 | Yu-Gi-Oh! Top Decks - deck 1830 - ARGCS Circuit Series - Columbus Ohio (Oct 2013) - Oct 2013 | Yu-Gi-Oh! Top Decks - deck 1831 - ARGCS Circuit Series - Columbus Ohio (Oct 2013) - Oct 2013 | Yu-Gi-Oh! Top Decks - deck 1833 - ARGCS Circuit Series - Columbus Ohio (Oct 2013) - Oct 2013 | Yu-Gi-Oh! Top Decks - deck 1834 - ARGCS Circuit Series - Columbus Ohio (Oct 2013) - Oct 2013 | Yu-Gi-Oh! Top Decks - deck 1836 - ARGCS Circuit Series - Ft. Worth Texas (Sep 2013) - Sep 2013 | Yu-Gi-Oh! Top Decks - deck 1838 - ARGCS Circuit Series - Ft. Worth Texas (Sep 2013) - Sep 2013 | Yu-Gi-Oh! Top Decks - deck 1840 - ARGCS Circuit Series - Ft. Worth Texas (Sep 2013) - Sep 2013 | Yu-Gi-Oh! Top Decks - deck 1843 - ARGCS Circuit Series - Ft. Worth Texas (Sep 2013) - Sep 2013 | Yu-Gi-Oh! Top Decks - deck 1845 - ARGCS Circuit Series - Ft. Worth Texas (Sep 2013) - Sep 2013 | Yu-Gi-Oh! Top Decks - deck 1848 - ARGCS Circuit Series - Ft. Worth Texas (Sep 2013) - Sep 2013 | Yu-Gi-Oh! Top Decks - deck 1851 - ARGCS Circuit - Boston Massachusetts (Nov 2013) - Nov 2013 | Yu-Gi-Oh! Top Decks - deck 1854 - ARGCS Circuit - Boston Massachusetts (Nov 2013) - Nov 2013 | Yu-Gi-Oh! Top Decks - deck 1857 - ARGCS Circuit - Boston Massachusetts (Nov 2013) - Nov 2013 | Yu-Gi-Oh! Top Decks - deck 1863 - ARGCS Circuit - Boston Massachusetts (Nov 2013) - Nov 2013 | Yu-Gi-Oh! Top Decks - deck 1864 - ARGCS Circuit - Boston Massachusetts (Nov 2013) - Nov 2013 | Yu-Gi-Oh! Top Decks - deck 1865 - ARGCS Circuit - Boston Massachusetts (Nov 2013) - Nov 2013 | Yu-Gi-Oh! Top Decks - deck 1866 - ARGCS Circuit - Boston Massachusetts (Nov 2013) - Nov 2013 | Yu-Gi-Oh! Top Decks - deck 1891 - 2013 YCS Santiago (Mar 2013) - Mar 2013 | Yu-Gi-Oh! Top Decks - deck 1980 - 2012 YCS Seattle (Nov 2012) - Nov 2012 | Yu-Gi-Oh! Top Decks - deck 1987 - 2012 YCS Providence (Oct 2012) - Oct 2012 | Yu-Gi-Oh! Top Decks - deck 2005 - 2012 YCS Philadelphia (May 2012) - May 2012 | Yu-Gi-Oh! Top Decks - deck 2006 - 2012 YCS Long Beach (Apr 2012) - Apr 2012 | Yu-Gi-Oh! Top Decks - deck 2031 - 2012 YCS Indianapolis (Oct 2012) - Oct 2012 | Yu-Gi-Oh! Top Decks - deck 2046 - 2012 YCS Guadalajara (Feb 2012) - Feb 2012 | Yu-Gi-Oh! Top Decks - deck 2067 - 2012 YCS Chicago (May 2012) - May 2012 | Yu-Gi-Oh! Top Decks - deck 2109 - 2012 North American WCQ - Ohio (Jul 2012) - Jul 2012 | Yu-Gi-Oh! Top Decks - deck 2136 - 2011 YCS Toronto (Oct 2011) - Oct 2011 | Yu-Gi-Oh! Top Decks - deck 2140 - 2011 YCS Toronto (Oct 2011) - Oct 2011 | Yu-Gi-Oh! Top Decks - deck 2142 - 2011 YCS Toronto (Oct 2011) - Oct 2011 | Yu-Gi-Oh! Top Decks - deck 2169 - 2011 YCS Kansas City (Nov 2011) - Nov 2011 | Yu-Gi-Oh! Top Decks - deck 2247 - 2011 YCS Brighton (Dec 2011) - Dec 2011 | Yu-Gi-Oh! Top Decks - deck 2262 - 2011 YCS Anaheim (Apr 2011) - Apr 2011 | Yu-Gi-Oh! Top Decks - deck 2491 - 2009 SJ Columbus (Nov 2009) - Nov 2009 | Yu-Gi-Oh! Top Decks - deck 2495 - 2009 SJ Austin (Oct 2009) - Oct 2009 | Yu-Gi-Oh! Top Decks - deck 2499 - 2009 SJ Austin (Oct 2009) - Oct 2009 | Yu-Gi-Oh! Top Decks - deck 284 - YGO Open Atlanta (May 2014) - May 2014 | Yu-Gi-Oh! Top Decks - deck 296 - YGO Open Atlanta (May 2014) - May 2014 | Yu-Gi-Oh! Top Decks - deck 628 - YCS - Turin Italy (Dec 2013) - Dec 2013 | Yu-Gi-Oh! Top Decks - deck 630 - YCS - Turin Italy (Dec 2013) - Dec 2013 | Yu-Gi-Oh! Top Decks - deck 632 - YCS - Turin Italy (Dec 2013) - Dec 2013 | Yu-Gi-Oh! Top Decks - deck 635 - YCS - Turin Italy (Dec 2013) - Dec 2013 | Yu-Gi-Oh! Top Decks - deck 637 - YCS - London England (Oct 2013) - Oct 2013 | Yu-Gi-Oh! Top Decks - deck 638 - YCS - London England (Oct 2013) - Oct 2013 | Yu-Gi-Oh! Top Decks - deck 639 - YCS - London England (Oct 2013) - Oct 2013 | Yu-Gi-Oh! Top Decks - deck 640 - YCS - London England (Oct 2013) - Oct 2013 | Yu-Gi-Oh! Top Decks - deck 642 - YCS - London England (Oct 2013) - Oct 2013 | Yu-Gi-Oh! Top Decks - deck 643 - YCS - London England (Oct 2013) - Oct 2013 | Yu-Gi-Oh! Top Decks - deck 645 - YCS - London England (Oct 2013) - Oct 2013 | Yu-Gi-Oh! Top Decks - deck 647 - YCS - London England (Oct 2013) - Oct 2013 | Yu-Gi-Oh! Top Decks - deck 648 - YCS - London England (Oct 2013) - Oct 2013 | Yu-Gi-Oh! Top Decks - deck 653 - YCS - San Mateo California (Oct 2013) - Oct 2013 | Yu-Gi-Oh! Top Decks - deck 654 - YCS - San Mateo California (Oct 2013) - Oct 2013 | Yu-Gi-Oh! Top Decks - deck 655 - YCS - San Mateo California (Oct 2013) - Oct 2013 | Yu-Gi-Oh! Top Decks - deck 658 - YCS - San Mateo California (Oct 2013) - Oct 2013 | Yu-Gi-Oh! Top Decks - deck 661 - YCS - San Mateo California (Oct 2013) - Oct 2013 | Yu-Gi-Oh! Top Decks - deck 665 - YCS - San Mateo California (Oct 2013) - Oct 2013 | Yu-Gi-Oh! Top Decks - deck 666 - YCS - San Mateo California (Oct 2013) - Oct 2013 | Yu-Gi-Oh! Top Decks - deck 669 - YCS - San Mateo California (Oct 2013) - Oct 2013 | Yu-Gi-Oh! Top Decks - deck 670 - YCS - San Mateo California (Oct 2013) - Oct 2013 | Yu-Gi-Oh! Top Decks - deck 672 - YCS - San Mateo California (Oct 2013) - Oct 2013 | Yu-Gi-Oh! Top Decks - deck 675 - YCS - San Mateo California (Oct 2013) - Oct 2013 | Yu-Gi-Oh! Top Decks - deck 676 - YCS - San Mateo California (Oct 2013) - Oct 2013 | Yu-Gi-Oh! Top Decks - deck 677 - YCS - San Mateo California (Oct 2013) - Oct 2013 | Yu-Gi-Oh! Top Decks - deck 678 - YCS - San Mateo California (Oct 2013) - Oct 2013 | Yu-Gi-Oh! Top Decks - deck 679 - YCS - Toronto Canada (Sep 2013) - Sep 2013 | Yu-Gi-Oh! Top Decks - deck 683 - YCS - Toronto Canada (Sep 2013) - Sep 2013 | Yu-Gi-Oh! Top Decks - deck 686 - YCS - Toronto Canada (Sep 2013) - Sep 2013 | Yu-Gi-Oh! Top Decks - deck 687 - YCS - Toronto Canada (Sep 2013) - Sep 2013 | Yu-Gi-Oh! Top Decks - deck 689 - YCS - Toronto Canada (Sep 2013) - Sep 2013 | Yu-Gi-Oh! Top Decks - deck 692 - YCS - Toronto Canada (Sep 2013) - Sep 2013 | Yu-Gi-Oh! Top Decks - deck 696 - YCS - Toronto Canada (Sep 2013) - Sep 2013 | Yu-Gi-Oh! Top Decks - deck 705 - YCS - Toronto Canada (Sep 2013) - Sep 2013 | Yu-Gi-Oh! Top Decks - deck 747 - WCQ - North American Championship (Jul 2013) - Jul 2013 | Yu-Gi-Oh! Top Decks - deck 750 - WCQ - North American Championship (Jul 2013) - Jul 2013 | Yu-Gi-Oh! Top Decks - deck 752 - WCQ - North American Championship (Jul 2013) - Jul 2013 | Yu-Gi-Oh! Top Decks - deck 753 - WCQ - North American Championship (Jul 2013) - Jul 2013 | Yu-Gi-Oh! Top Decks - deck 754 - WCQ - North American Championship (Jul 2013) - Jul 2013 | Yu-Gi-Oh! Top Decks - deck 755 - WCQ - North American Championship (Jul 2013) - Jul 2013 | Yu-Gi-Oh! Top Decks - deck 756 - WCQ - North American Championship (Jul 2013) - Jul 2013 | Yu-Gi-Oh! Top Decks - deck 757 - WCQ - North American Championship (Jul 2013) - Jul 2013 | Yu-Gi-Oh! Top Decks - deck 758 - WCQ - North American Championship (Jul 2013) - Jul 2013 | Yu-Gi-Oh! Top Decks - deck 759 - WCQ - North American Championship (Jul 2013) - Jul 2013 | Yu-Gi-Oh! Top Decks - deck 761 - WCQ - North American Championship (Jul 2013) - Jul 2013 | Yu-Gi-Oh! Top Decks - deck 762 - WCQ - North American Championship (Jul 2013) - Jul 2013 | Yu-Gi-Oh! Top Decks - deck 763 - WCQ - North American Championship (Jul 2013) - Jul 2013 | Yu-Gi-Oh! Top Decks - deck 764 - WCQ - North American Championship (Jul 2013) - Jul 2013 | Yu-Gi-Oh! Top Decks - deck 768 - WCQ - North American Championship (Jul 2013) - Jul 2013 | Yu-Gi-Oh! Top Decks - deck 769 - WCQ - North American Championship (Jul 2013) - Jul 2013 | Yu-Gi-Oh! Top Decks - deck 771 - WCQ - North American Championship (Jul 2013) - Jul 2013 | Yu-Gi-Oh! Top Decks - deck 772 - WCQ - North American Championship (Jul 2013) - Jul 2013 | Yu-Gi-Oh! Top Decks - deck 775 - WCQ - European Championship (Jul 2013) - Jul 2013 | Yu-Gi-Oh! Top Decks - deck 779 - WCQ - Greece Nationals (Jun 2013) - Jun 2013 | Yu-Gi-Oh! Top Decks - deck 782 - WCQ - Poland Nationals (Jun 2013) - Jun 2013 | Yu-Gi-Oh! Top Decks - deck 785 - WCQ - Poland Nationals (Jun 2013) - Jun 2013 | Yu-Gi-Oh! Top Decks - deck 786 - WCQ - Poland Nationals (Jun 2013) - Jun 2013 | Yu-Gi-Oh! Top Decks - deck 793 - WCQ - Finland Nationals (Jun 2013) - Jun 2013 | Yu-Gi-Oh! Top Decks - deck 794 - WCQ - Finland Nationals (Jun 2013) - Jun 2013 | Yu-Gi-Oh! Top Decks - deck 795 - WCQ - Finland Nationals (Jun 2013) - Jun 2013 | Yu-Gi-Oh! Top Decks - deck 798 - WCQ - Croatia Nationals (Jun 2013) - Jun 2013 | Yu-Gi-Oh! Top Decks - deck 805 - WCQ - Croatia Nationals (Jun 2013) - Jun 2013 | Yu-Gi-Oh! Top Decks - deck 806 - WCQ - Oceanic Championship (Jun 2013) - Jun 2013 | Yu-Gi-Oh! Top Decks - deck 808 - WCQ - Oceanic Championship (Jun 2013) - Jun 2013 | Yu-Gi-Oh! Top Decks - deck 809 - WCQ - Oceanic Championship (Jun 2013) - Jun 2013 | Yu-Gi-Oh! Top Decks - deck 811 - WCQ - Oceanic Championship (Jun 2013) - Jun 2013 | Yu-Gi-Oh! Top Decks - deck 812 - WCQ - Oceanic Championship (Jun 2013) - Jun 2013 | Yu-Gi-Oh! Top Decks - deck 817 - WCQ - Denmark Nationals (Jun 2013) - Jun 2013 | Yu-Gi-Oh! Top Decks - deck 821 - WCQ - Australia Nationals (Jun 2013) - Jun 2013 | Yu-Gi-Oh! Top Decks - deck 822 - WCQ - Australia Nationals (Jun 2013) - Jun 2013 | Yu-Gi-Oh! Top Decks - deck 823 - WCQ - Spain Nationals (Jun 2013) - Jun 2013 | Yu-Gi-Oh! Top Decks - deck 825 - WCQ - Italy Nationals (Jun 2013) - Jun 2013 | Yu-Gi-Oh! Top Decks - deck 828 - WCQ - Italy Nationals (Jun 2013) - Jun 2013 | Yu-Gi-Oh! Top Decks - deck 830 - WCQ - Italy Nationals (Jun 2013) - Jun 2013 | Yu-Gi-Oh! Top Decks - deck 833 - WCQ - Mexico Nationals (Jun 2013) - Jun 2013 | Yu-Gi-Oh! Top Decks - deck 854 - Rochester New York Regional - 1 (Feb 2013) - Feb 2013,
2012,Hero Beat,source-registered,true,false,6,0,Yu-Gi-Oh! Top Decks - deck 1572 - Regional - San Antonio Texas (Oct 2013) - Oct 2013 | Yu-Gi-Oh! Top Decks - deck 1761 - Mesa Arizona Regional Qualifier (Feb 2013) - Feb 2013 | Yu-Gi-Oh! Top Decks - deck 187 - YGO State Championship Rhode Island (Aug 2014) - Aug 2014 | Yu-Gi-Oh! Top Decks - deck 2032 - 2012 YCS Guatemala (Sep 2012) - Sep 2012 | Yu-Gi-Oh! Top Decks - deck 613 - YCS - Austin Texas (Mar 2013) - Mar 2013 | Yu-Gi-Oh! Top Decks - deck 624 - YCS - Austin Texas (Mar 2013) - Mar 2013,
2013,Dragon Ruler,imported,true,true,1,2,Top 16 YCS Turin 2013,Dragon Ruler | Dragon Ruler 2013
2013,Spellbook,imported,true,true,3,1,Yu-Gi-Oh! Top Decks - deck 132 - YGO State Championship Michigan (Jul 2014) - Jul 2014 | Yu-Gi-Oh! Top Decks - deck 68 - YGO State Championship South Dakota (Jul 2014) - Jul 2014 | Yu-Gi-Oh! Top Decks - deck 97 - YGO State Championship New Hampshire (Jul 2014) - Jul 2014,Spellbook 2013
2013,Mermail,imported,true,true,9,1,Yu-Gi-Oh! Top Decks - deck 10 - YGOverdose Tournament 5 (Mar 2013) - Mar 2013 | Yu-Gi-Oh! Top Decks - deck 18 - YGOverdose Tournament 4 (Mar 2013) - Mar 2013 | Yu-Gi-Oh! Top Decks - deck 34 - YGOverdose Tournament 2 (Jan 2013) - Jan 2013 | Yu-Gi-Oh! Top Decks - deck 37 - YGOverdose Tournament 2 (Jan 2013) - Jan 2013 | Yu-Gi-Oh! Top Decks - deck 38 - YGOverdose Tournament 1 (Jan 2013) - Jan 2013 | Yu-Gi-Oh! Top Decks - deck 42 - YGOverdose Constructed 7 (May 2013) - May 2013 | Yu-Gi-Oh! Top Decks - deck 45 - YGOverdose Constructed 7 (May 2013) - May 2013 | Yu-Gi-Oh! Top Decks - deck 48 - YGOverdose Constructed 7 (May 2013) - May 2013 | Yu-Gi-Oh! Top Decks - deck 9 - YGOverdose Tournament 5 (Mar 2013) - Mar 2013,Mermail 2013
2013,Evilswarm,imported,true,true,2,1,Yu-Gi-Oh! Top Decks - deck 5 - YGOverdose Tournament 6 (Apr 2013) - Apr 2013 | Yu-Gi-Oh! Top Decks - deck 51 - YGO State Championship Utah (Jul 2014) - Jul 2014,Evilswarm 2013
2013,Fire Fist,imported,true,true,15,1,Yu-Gi-Oh! Top Decks - deck 17 - YGOverdose Tournament 4 (Mar 2013) - Mar 2013 | Yu-Gi-Oh! Top Decks - deck 19 - YGOverdose Tournament 4 (Mar 2013) - Mar 2013 | Yu-Gi-Oh! Top Decks - deck 2 - YGOverdose Tournament 6 (Apr 2013) - Apr 2013 | Yu-Gi-Oh! Top Decks - deck 20 - YGOverdose Tournament 4 (Mar 2013) - Mar 2013 | Yu-Gi-Oh! Top Decks - deck 24 - YGOverdose Tournament 3 (Feb 2013) - Feb 2013 | Yu-Gi-Oh! Top Decks - deck 27 - YGOverdose Tournament 3 (Feb 2013) - Feb 2013 | Yu-Gi-Oh! Top Decks - deck 30 - YGOverdose Tournament 2 (Jan 2013) - Jan 2013 | Yu-Gi-Oh! Top Decks - deck 31 - YGOverdose Tournament 2 (Jan 2013) - Jan 2013 | Yu-Gi-Oh! Top Decks - deck 36 - YGOverdose Tournament 2 (Jan 2013) - Jan 2013 | Yu-Gi-Oh! Top Decks - deck 4 - YGOverdose Tournament 6 (Apr 2013) - Apr 2013 | Yu-Gi-Oh! Top Decks - deck 44 - YGOverdose Constructed 7 (May 2013) - May 2013 | Yu-Gi-Oh! Top Decks - deck 46 - YGOverdose Constructed 7 (May 2013) - May 2013 | Yu-Gi-Oh! Top Decks - deck 47 - YGOverdose Constructed 7 (May 2013) - May 2013 | Yu-Gi-Oh! Top Decks - deck 7 - YGOverdose Tournament 6 (Apr 2013) - Apr 2013 | Yu-Gi-Oh! Top Decks - deck 8 - YGOverdose Tournament 6 (Apr 2013) - Apr 2013,Fire Fist 2013
2014,HAT,source-registered,true,false,7,0,Yu-Gi-Oh! Top Decks - deck 199 - YGO State Championship Oregon (Aug 2014) - Aug 2014 | Yu-Gi-Oh! Top Decks - deck 210 - YGO State Championship North Carolina (Aug 2014) - Aug 2014 | Yu-Gi-Oh! Top Decks - deck 221 - YGO State Championship New Mexico (Aug 2014) - Aug 2014 | Yu-Gi-Oh! Top Decks - deck 366 - YCS - Anaheim California (Nov 2014) - Nov 2014 | Yu-Gi-Oh! Top Decks - deck 455 - YCS - Las Vegas (Apr 2014) - Apr 2014 | Yu-Gi-Oh! Top Decks - deck 72 - YGO State Championship South Dakota (Jul 2014) - Jul 2014 | Yu-Gi-Oh! Top Decks - deck 73 - YGO State Championship South Dakota (Jul 2014) - Jul 2014,
2014,Geargia,imported,true,true,10,1,Yu-Gi-Oh! Top Decks - deck 173 - YGO State Championship Arkansas (Jul 2014) - Jul 2014 | Yu-Gi-Oh! Top Decks - deck 190 - YGO State Championship Rhode Island (Aug 2014) - Aug 2014 | Yu-Gi-Oh! Top Decks - deck 191 - YGO State Championship Rhode Island (Aug 2014) - Aug 2014 | Yu-Gi-Oh! Top Decks - deck 217 - YGO State Championship North Carolina (Aug 2014) - Aug 2014 | Yu-Gi-Oh! Top Decks - deck 244 - YGO Open Orlando (May 2014) - May 2014 | Yu-Gi-Oh! Top Decks - deck 255 - YGO Open Chicago (Sep 2014) - Sep 2014 | Yu-Gi-Oh! Top Decks - deck 80 - YGO State Championship Ohio (Jul 2014) - Jul 2014 | Yu-Gi-Oh! Top Decks - deck 88 - YGO State Championship New York (Jul 2014) - Jul 2014 | Yu-Gi-Oh! Top Decks - deck 94 - YGO State Championship New Hampshire (Jul 2014) - Jul 2014 | Yu-Gi-Oh! Top Decks - deck 99 - YGO State Championship Nevada (Jul 2014) - Jul 2014,Geargia 2014
2014,Mermail,imported,true,true,3,1,Yu-Gi-Oh! Top Decks - deck 53 - YGO State Championship Utah (Jul 2014) - Jul 2014 | Yu-Gi-Oh! Top Decks - deck 57 - YGO State Championship Utah (Jul 2014) - Jul 2014 | Yu-Gi-Oh! Top Decks - deck 63 - YGO State Championship Tennessee (Jul 2014) - Jul 2014,Mermail 2014
2014,Fire Fist,imported,true,true,1,1,Yu-Gi-Oh! Top Decks deck 1168,Fire Fist 2014
2014,Bujin,imported,true,true,1,1,Yu-Gi-Oh! Top Decks - deck 52 - YGO State Championship Utah (Jul 2014) - Jul 2014,Bujin 2014
2015,Nekroz,imported,true,true,1,1,Yu-Gi-Oh! Top Decks deck 4520,Nekroz 2015
2015,Burning Abyss,imported,true,true,1,1,Yu-Gi-Oh! Top Decks deck 4319,Burning Abyss 2015
2015,Shaddoll,imported,true,true,5,1,Yu-Gi-Oh! Top Decks - deck 250 - YGO Open Chicago (Sep 2014) - Sep 2014 | Yu-Gi-Oh! Top Decks - deck 251 - YGO Open Chicago (Sep 2014) - Sep 2014 | Yu-Gi-Oh! Top Decks - deck 253 - YGO Open Chicago (Sep 2014) - Sep 2014 | Yu-Gi-Oh! Top Decks - deck 257 - YGO Open Chicago (Sep 2014) - Sep 2014 | Yu-Gi-Oh! Top Decks - deck 259 - YGO Open Chicago (Sep 2014) - Sep 2014,Shaddoll 2015
2015,Qliphort,imported,true,true,10,1,Yu-Gi-Oh! Top Decks - deck 333 - YCS - Milan Italy (Dec 2014) - Dec 2014 | Yu-Gi-Oh! Top Decks - deck 339 - YCS - Sydney Australia (Dec 2014) - Dec 2014 | Yu-Gi-Oh! Top Decks - deck 346 - YCS - Anaheim California (Nov 2014) - Nov 2014 | Yu-Gi-Oh! Top Decks - deck 348 - YCS - Anaheim California (Nov 2014) - Nov 2014 | Yu-Gi-Oh! Top Decks - deck 351 - YCS - Anaheim California (Nov 2014) - Nov 2014 | Yu-Gi-Oh! Top Decks - deck 354 - YCS - Anaheim California (Nov 2014) - Nov 2014 | Yu-Gi-Oh! Top Decks - deck 357 - YCS - Anaheim California (Dec 2014) - Dec 2014 | Yu-Gi-Oh! Top Decks - deck 363 - YCS - Anaheim California (Nov 2014) - Nov 2014 | Yu-Gi-Oh! Top Decks - deck 364 - YCS - Anaheim California (Nov 2014) - Nov 2014 | Yu-Gi-Oh! Top Decks - deck 367 - YCS - Anaheim California (Nov 2014) - Nov 2014,Qliphort 2015
2015,Satellarknight,imported,true,true,2,1,Yu-Gi-Oh! Top Decks - deck 254 - YGO Open Chicago (Sep 2014) - Sep 2014 | Yu-Gi-Oh! Top Decks - deck 258 - YGO Open Chicago (Sep 2014) - Sep 2014,Satellarknight 2015
2016,Performapal Performage,source-registered,true,false,1,0,Yu-Gi-Oh! Top Decks deck 4843,
2016,Monarch,missing-source-and-deck,false,false,0,0,,
2016,Kozmo,missing-source-and-deck,false,false,0,0,,
2016,Burning Abyss,imported,true,true,2,1,Yu-Gi-Oh! Top Decks - deck 252 - YGO Open Chicago (Sep 2014) - Sep 2014 | Yu-Gi-Oh! Top Decks - deck 256 - YGO Open Chicago (Sep 2014) - Sep 2014,Burning Abyss 2016
2016,Blue-Eyes,imported,true,true,1,1,Yu-Gi-Oh! Top Decks - deck 1245 - Regional - Buenos Aires Argentina (Jan 2014) - Jan 2014,Blue-Eyes 2016
2017,Zoodiac,missing-source-and-deck,false,false,0,0,,
2017,True Draco,missing-source-and-deck,false,false,0,0,,
2017,SPYRAL,missing-source-and-deck,false,false,0,0,,
2017,Pendulum Magician,source-registered,true,false,1,0,Yu-Gi-Oh! Top Decks - deck 1362 - Regional - Brooklyn New York (Apr 2013) - Apr 2013,
2017,Dinosaur,missing-source-and-deck,false,false,0,0,,
2018,Sky Striker,missing-source-and-deck,false,false,0,0,,
2018,Gouki,missing-source-and-deck,false,false,0,0,,
2018,Trickstar,missing-source-and-deck,false,false,0,0,,
2018,Altergeist,missing-source-and-deck,false,false,0,0,,
2018,Thunder Dragon,source-registered,true,false,6,0,Yu-Gi-Oh! Top Decks - deck 1270 - Regional - Vina Del Mar Chile (Jan 2014) - Jan 2014 | Yu-Gi-Oh! Top Decks - deck 1284 - Regional - Montreal Canada (Jan 2014) - Jan 2014 | Yu-Gi-Oh! Top Decks - deck 1379 - Regional - Kissimmee Florida (May 2013) - May 2013 | Yu-Gi-Oh! Top Decks - deck 1406 - Regional - Honolulu Hawaii (Mar 2013) - Mar 2013 | Yu-Gi-Oh! Top Decks - deck 1446 - Regional - Danvers Massachusetts (Mar 2013) - Mar 2013 | Yu-Gi-Oh! Top Decks - deck 222 - YGO State Championship New Mexico (Aug 2014) - Aug 2014,
2019,Sky Striker,missing-source-and-deck,false,false,0,0,,
2019,Orcust,missing-source-and-deck,false,false,0,0,,
2019,Salamangreat,missing-source-and-deck,false,false,0,0,,
2019,Thunder Dragon,source-registered,true,false,1,0,Yu-Gi-Oh! Top Decks - deck 545 - YCS - Sydney Australia (Jan 2014) - Jan 2014,
2019,Subterror,missing-source-and-deck,false,false,0,0,,
2020,Adamancipator,missing-source-and-deck,false,false,0,0,,
2020,Eldlich,missing-source-and-deck,false,false,0,0,,
2020,Dragon Link,missing-source-and-deck,false,false,0,0,,
2020,Dogmatika Invoked,missing-source-and-deck,false,false,0,0,,
2020,Virtual World,missing-source-and-deck,false,false,0,0,,
2021,Tri-Brigade,missing-source-and-deck,false,false,0,0,,
2021,Drytron,missing-source-and-deck,false,false,0,0,,
2021,Virtual World,missing-source-and-deck,false,false,0,0,,
2021,Prank-Kids,missing-source-and-deck,false,false,0,0,,
2021,Dragon Link,missing-source-and-deck,false,false,0,0,,
2022,Branded Despia,missing-source-and-deck,false,false,0,0,,
2022,Swordsoul,missing-source-and-deck,false,false,0,0,,
2022,Floowandereeze,missing-source-and-deck,false,false,0,0,,
2022,Tearlaments,missing-source-and-deck,false,false,0,0,,
2022,Spright,missing-source-and-deck,false,false,0,0,,
2023,Kashtira,missing-source-and-deck,false,false,0,0,,
2023,Purrely,missing-source-and-deck,false,false,0,0,,
2023,Labrynth,missing-source-and-deck,false,false,0,0,,
2023,Mathmech,missing-source-and-deck,false,false,0,0,,
2023,Branded,missing-source-and-deck,false,false,0,0,,
2024,Snake-Eye,missing-source-and-deck,false,false,0,0,,
2024,Tenpai Dragon,missing-source-and-deck,false,false,0,0,,
2024,Voiceless Voice,missing-source-and-deck,false,false,0,0,,
2024,Yubel,missing-source-and-deck,false,false,0,0,,
2024,Labrynth,missing-source-and-deck,false,false,0,0,,
2025,Ryzeal,missing-source-and-deck,false,false,0,0,,
2025,Maliss,missing-source-and-deck,false,false,0,0,,
2025,Snake-Eye,missing-source-and-deck,false,false,0,0,,
2025,Fiendsmith,missing-source-and-deck,false,false,0,0,,
2025,Memento,missing-source-and-deck,false,false,0,0,,